phase,stage,repeat,operation,batch,feedback,calls,wall_us,callback_us,overhead_us,overhead_median_us,overhead_fraction
correction,legacy,0,eval,16,False,128,39.4752890625,1.5324403648264706,37.94284869767353,37.00488388061524,0.961179755709953
correction,legacy,0,eval,16,True,128,39.0762890625,1.6431804397143424,37.43310862278566,36.6197264534235,0.9579494245964303
correction,legacy,0,generate,16,False,128,51.290195312499996,8.503913704771549,42.78628160772845,36.40551735341549,0.8342000132196992
correction,legacy,0,generate,16,True,128,47.026125,8.510411134921014,38.515713865078986,37.25910741460323,0.819028016131012
correction,legacy,0,feedback,16,True,128,26.81134375,3.1097624741960317,23.701581275803967,23.445174834132196,0.8840131810179774
correction,legacy,0,eval,256,False,128,68.4994921875,1.8684149836190045,66.63107720388099,65.14927608430385,0.9727236666440578
correction,legacy,0,eval,256,True,128,68.670234375,1.8694736354518682,66.80076073954814,65.51462456882,0.9727760702658609
correction,legacy,0,generate,256,False,128,59.5943046875,10.968695278279483,48.625609409220516,47.4001353019476,0.8159439004146954
correction,legacy,0,generate,256,True,128,58.329828125,10.670461051631719,47.65936707336828,46.16531230437755,0.8170668182192296
correction,legacy,0,feedback,256,True,128,27.3008828125,3.248205757699907,24.052677054800093,23.839888512492177,0.8810219515607502
correction,legacy,0,eval,4096,False,128,732.3187421875,5.224836058914661,727.0939061285853,725.9120592434407,0.9928653525330956
correction,legacy,0,eval,4096,True,128,776.9687109375,5.287016392685473,771.6816945448145,771.1621193547248,0.9931953290804901
correction,legacy,0,generate,4096,False,128,568.959921875,38.91892993124202,530.040991943758,528.966054565072,0.9315963595414855
correction,legacy,0,generate,4096,True,128,570.1979296874999,39.11663225153461,531.0812974359653,529.5510311297178,0.9313981510368291
correction,legacy,0,feedback,4096,True,128,44.211140625,5.149573553353548,39.06156707164645,38.63972095370293,0.8835231690348738
correction,legacy,0,eval,32768,False,32,6476.7659375,42.51803329680115,6434.247904203199,6392.724946525694,0.993435298773015
correction,legacy,0,eval,32768,True,32,6955.36703125,43.86075306683779,6911.506278183162,6874.7966537101265,0.9936939700134049
correction,legacy,0,generate,32768,False,32,4944.156687500001,263.78498296253383,4680.371704537467,4626.961184321761,0.9466471231323544
correction,legacy,0,generate,32768,True,32,4671.3031875,253.26812465209514,4418.035062847905,4398.550457562088,0.9457821266387036
correction,legacy,0,feedback,32768,True,32,204.42862499999998,19.537139451131225,184.89148554886876,183.46119290578366,0.9044305099096018
correction,legacy,0,eval,131072,False,32,28705.8839375,147.56900782231241,28558.314929677686,28213.27105245078,0.9948592766506126
correction,legacy,0,eval,131072,True,32,29487.434906249997,141.39286940917373,29346.042036840823,29255.274038099287,0.9952049790068649
correction,legacy,0,generate,131072,False,32,19973.80346875,943.3645900571719,19030.43887869283,18993.324548313736,0.9527699072671305
correction,legacy,0,generate,131072,True,32,20097.214375,951.7835715087131,19145.430803491286,19042.5051714654,0.9526410201061154
correction,legacy,0,feedback,131072,True,32,735.68825,61.86967948451638,673.8185705154837,642.9315765806437,0.9159023139427381
correction,native,0,eval,16,False,128,39.671390625,1.5281111700460315,38.14327945495397,37.058987711071964,0.9614807762981958
correction,native,0,eval,16,True,128,40.4488828125,1.666336174821481,38.78254663767852,37.545232365131376,0.9588039011473877
correction,native,0,generate,16,False,128,45.4396015625,8.214348781621084,37.22525278087892,36.110119946599006,0.8192248941636814
correction,native,0,generate,16,True,128,47.727125,8.807201083982363,38.91992391601764,37.62492860364914,0.8154675965924543
correction,native,0,feedback,16,True,128,27.1274921875,3.2625430321786553,23.864949155321344,23.460284682035446,0.8797329657445448
correction,native,0,eval,256,False,128,69.104859375,1.9538201740942895,67.15103920090571,65.59993942320347,0.9717267325081755
correction,native,0,eval,256,True,128,70.71682031249999,2.0065672288183123,68.71025308368168,67.02000820636749,0.9716253188427983
correction,native,0,generate,256,False,128,59.2433515625,10.837145964615047,48.406205597884956,47.119498972892764,0.8170740567710425
correction,native,0,generate,256,True,128,59.527140625,10.972551535815,48.554589089185,47.03011034369469,0.815671449684805
correction,native,0,feedback,256,True,128,27.472984375,3.192362783011049,24.28062159198895,23.849615431427956,0.8837999272508578
correction,native,0,eval,4096,False,128,736.93628125,5.44404610991478,731.4922351400852,729.4560730127097,0.9926125958940704
correction,native,0,eval,4096,True,128,777.8035703125,5.630437954096124,772.1731323584039,769.75194564116,0.9927611055425807
correction,native,0,generate,4096,False,128,572.2808046875,38.51481233141385,533.7659923560861,532.6020968670845,0.9326994510108629
correction,native,0,generate,4096,True,128,579.507921875,39.2444635508582,540.2634583241418,539.1959187647105,0.9322796771718278
correction,native,0,feedback,4096,True,128,45.248546875,5.351586878532544,39.89695999646746,39.29540110766888,0.8817290885977751
correction,native,0,eval,32768,False,32,6377.911718750001,40.733953937888145,6337.177764812112,6297.854989293217,0.9936132772396117
correction,native,0,eval,32768,True,32,6721.03209375,41.7269766330719,6679.305117116928,6658.335757456779,0.9937915819994559
correction,native,0,generate,32768,False,32,4564.7417187500005,251.22986698988825,4313.511851760112,4287.3704183058735,0.9449629612212355
correction,native,0,generate,32768,True,32,4541.282156249999,249.08827617764473,4292.193880072355,4262.705054402828,0.9451502312326413
correction,native,0,feedback,32768,True,32,200.479875,19.412211258895695,181.0676637411043,179.5249190104008,0.9031712721344439
correction,native,0,eval,131072,False,32,29721.837812499998,138.8274395139888,29583.01037298601,28722.783020935414,0.9953291098487994
correction,native,0,eval,131072,True,32,29892.11484375,142.77319132816046,29749.34165242184,29695.675767661687,0.9952237172888417
correction,native,0,generate,131072,False,32,20298.555281250003,949.6482089161873,19348.907072333815,19263.03046834159,0.9532159705083353
correction,native,0,generate,131072,True,32,20416.09875,948.5368354944512,19467.56191450555,19325.17075563419,0.953539760602184
correction,native,0,feedback,131072,True,32,716.4029375,61.79291813168675,654.6100193683133,631.3520077974796,0.9137455824129884
correction,native,1,eval,16,False,128,41.012265625000005,1.6138983482960612,39.398367276703944,38.765476099133494,0.960648398138915
correction,native,1,eval,16,True,128,44.3735859375,4.011842975160107,40.361742962339896,39.44488235771656,0.9095893899399798
correction,native,1,generate,16,False,128,47.0813671875,9.17533179745078,37.90603539004922,36.74044471013546,0.805117558270763
correction,native,1,generate,16,True,128,46.3766640625,8.64420144353062,37.73246261896938,36.54505983531475,0.813608813435111
correction,native,1,feedback,16,True,128,26.2695625,3.0342671379912645,23.235295362008735,22.970122866034508,0.8844949496973441
correction,native,1,eval,256,False,128,68.677671875,1.8806385924108326,66.79703328258917,65.68560194778443,0.9726164480963511
correction,native,1,eval,256,True,128,69.27600000000001,1.8933533283416182,67.38264667165839,65.58993942320346,0.9726694190146427
correction,native,1,generate,256,False,128,58.8029375,10.437935998197645,48.365001501802354,46.969545314908025,0.8224929494687634
correction,native,1,generate,256,True,128,59.636953125000005,10.833857231773436,48.80309589322657,47.390390753626825,0.818336506744979
correction,native,1,feedback,256,True,128,27.445890625,3.229248250136152,24.21664237486385,23.861575286746024,0.8823412840101212
correction,native,1,eval,4096,False,128,736.5063515625,5.291843990562484,731.2145075719375,730.4369435895682,0.9928149377404066
correction,native,1,eval,4096,True,128,774.22546875,5.203957698540762,769.0215110514592,768.5467716845275,0.9932784984367117
correction,native,1,generate,4096,False,128,571.3069921875,39.004145946819335,532.3028462406807,530.6809447171688,0.9317282188382208
correction,native,1,generate,4096,True,128,566.7896093749999,39.00887168128975,527.7807376937102,526.851405281067,0.9311757466332086
correction,native,1,feedback,4096,True,128,46.05390625,5.548234184971079,40.50567206502892,40.134836607575416,0.8795273922074508
correction,native,1,eval,32768,False,32,6480.37053125,48.836038331501186,6431.5344929184985,6400.365078189969,0.9924640052453789
correction,native,1,eval,32768,True,32,6867.3425625,45.401029638014734,6821.941532861985,6799.786531319261,0.9933888503122106
correction,native,1,generate,32768,False,32,4982.90678125,249.19759016484022,4733.70919108516,4477.404829429746,0.9499895139313991
correction,native,1,generate,32768,True,32,4691.92440625,251.97735521942377,4439.947051030576,4416.580571477652,0.9462955211120259
correction,native,1,feedback,32768,True,32,195.0898125,19.3467567441985,175.7430557558015,175.50010801613328,0.900831537555563
correction,native,1,eval,131072,False,32,29419.76271875,141.96538541000336,29277.797333339997,28868.078496569036,0.9951744891089986
correction,native,1,eval,131072,True,32,30045.13915625,142.1372580807656,29903.001898169234,29778.985666305784,0.995269209526986
correction,native,1,generate,131072,False,32,20431.053187499998,951.1288517387584,19479.92433576124,19417.48600896144,0.953446900509237
correction,native,1,generate,131072,True,32,20519.58884375,949.1644013905898,19570.42444235941,19453.386342904923,0.9537434980487101
correction,native,1,feedback,131072,True,32,751.46215625,62.60197551455349,688.8601807354465,642.6964515037537,0.9166931095679464
correction,legacy,1,eval,16,False,128,40.174710937499995,1.6110680007841438,38.56364293671585,37.32503978490829,0.9598984544458704
correction,legacy,1,eval,16,True,128,39.596695312499996,1.5234982129186392,38.07319709958136,37.15051787245273,0.9615246120693891
correction,legacy,1,generate,16,False,128,46.469,8.322302164742723,38.14669783525728,36.839866440773015,0.8209063641407665
correction,legacy,1,generate,16,True,128,45.581109375,8.261195034720004,37.31991434027999,36.30983872234821,0.8187583595924709
correction,legacy,1,feedback,16,True,128,26.2212890625,3.026627382496372,23.194661680003627,22.899942817807197,0.8845736616806967
correction,legacy,1,eval,256,False,128,69.1537890625,1.868280378403142,67.28550868409685,65.6753288667202,0.9729836874633924
correction,legacy,1,eval,256,True,128,70.06211718750001,1.934360625455156,68.12775656204485,66.52010194778443,0.9723907768833416
correction,legacy,1,generate,256,False,128,59.8673359375,10.876392479985952,48.99094345751405,47.16602403688431,0.8183250964876634
correction,legacy,1,generate,256,True,128,58.1527890625,10.450530680827796,47.7022583816722,46.5704062256813,0.8202918406957913
correction,legacy,1,feedback,256,True,128,27.311609375,3.287241270300001,24.0243681047,23.720132246494295,0.8796394154161777
correction,legacy,1,eval,4096,False,128,728.940078125,5.2687901188619435,723.6712880061381,722.6418702377081,0.992771984588343
correction,legacy,1,eval,4096,True,128,766.2994140625,5.379592039389536,760.9198220231104,759.3519237287045,0.9929797779553688
correction,legacy,1,generate,4096,False,128,567.0535703125,39.12373722414486,527.9298330883552,527.6107763866186,0.9310052184265695
correction,legacy,1,generate,4096,True,128,572.9501640625,39.25354758393951,533.6966164785605,533.2114205732346,0.9314887226742158
correction,legacy,1,feedback,4096,True,128,44.70771875,5.260873876977712,39.446844873022286,39.06496702492237,0.8823273916883153
correction,legacy,1,eval,32768,False,32,6314.357187500001,39.8978590965271,6274.459328403474,6242.169958645702,0.9936814060542046
correction,legacy,1,eval,32768,True,32,6693.43528125,40.86585249751806,6652.569428752482,6617.285549933195,0.9938946369419611
correction,legacy,1,generate,32768,False,32,4537.964906249999,246.1859112372622,4291.778995012737,4261.71039075768,0.9457497102063972
correction,legacy,1,generate,32768,True,32,4619.9565625000005,243.57321672141552,4376.383345778585,4354.575150534987,0.9472780288242341
correction,legacy,1,feedback,32768,True,32,193.90018750000002,18.93530134111643,174.9648861588836,173.81011821091175,0.9023451107229258
correction,legacy,1,eval,131072,False,32,29061.9170625,140.10544691700488,28921.811615582996,28481.198264775157,0.9951790707193989
correction,legacy,1,eval,131072,True,32,33704.530750000005,138.4265342494473,33566.10421575056,31183.60898241508,0.9958929398757629
correction,legacy,1,generate,131072,False,32,25046.11896875,955.0282557029277,24091.090713047073,26469.698049823048,0.9618692118769173
correction,legacy,1,generate,131072,True,32,20303.166781249998,943.1482903892174,19360.01849086078,19269.535983856204,0.9535467397499676
correction,legacy,1,feedback,131072,True,32,741.9499062499999,61.801227275282145,680.1486789747178,653.176981316328,0.9167043128455383
correction,legacy,2,eval,16,False,128,38.801125,1.5517180145252496,37.24940698547475,36.229982719421386,0.9600084272163436
correction,legacy,2,eval,16,True,128,38.826734374999994,1.633685315027833,37.19304905997216,36.20928932487965,0.9579237002203373
correction,legacy,2,generate,16,False,128,45.879671875,8.476472430629656,37.403199444370344,36.540822721600534,0.8152455742551089
correction,legacy,2,generate,16,True,128,47.3533203125,8.63259265315719,38.72072765934281,37.78966295719146,0.817698260730443
correction,legacy,2,feedback,16,True,128,27.3867578125,3.3347860153298825,24.05197179717012,23.811075286746025,0.8782336325401833
correction,legacy,2,eval,256,False,128,68.98607031249999,2.047727321041748,66.93834299145824,65.3906882545948,0.9703168000182392
correction,legacy,2,eval,256,True,128,69.4400390625,1.8674581951927394,67.57258086730727,66.08086483407021,0.9731068959579369
correction,legacy,2,generate,256,False,128,58.6214765625,10.672476491890848,47.94900007060915,46.34977357685566,0.817942550790029
correction,legacy,2,generate,256,True,128,59.376328125,10.89659781428054,48.47973031071946,47.31539585101605,0.8164824575992499
correction,legacy,2,feedback,256,True,128,27.5066953125,3.2493080652784556,24.257387247221544,23.97002250432968,0.8818721031965677
correction,legacy,2,eval,4096,False,128,736.9793125,5.154834070708603,731.8244784292914,730.5813197925091,0.9930054562139305
correction,legacy,2,eval,4096,True,128,763.2300078125,5.366644472815096,757.863363339685,756.016780356407,0.9929685096001447
correction,legacy,2,generate,4096,False,128,565.90221875,38.39189957943745,527.5103191705625,526.7269463458061,0.9321580684658918
correction,legacy,2,generate,4096,True,128,571.6424375,39.13102045771666,532.5114170422834,532.100837026596,0.931546334053065
correction,legacy,2,feedback,4096,True,128,44.62425,5.2880313887726516,39.33621861122735,38.59001237273216,0.8814987055519666
correction,legacy,2,eval,32768,False,32,6369.2077500000005,42.05279401503503,6327.154955984965,6283.794405926466,0.9933974843236923
correction,legacy,2,eval,32768,True,32,6662.73365625,44.55300222616643,6618.180654023834,6574.6397038697005,0.9933131047217574
correction,legacy,2,generate,32768,False,32,4541.1689375000005,247.69936862867326,4293.469568871327,4273.244484499097,0.9454547117630386
correction,legacy,2,generate,32768,True,32,4830.989625,261.1784002510831,4569.811224748917,4501.796033398151,0.9459368741138452
correction,legacy,2,feedback,32768,True,32,193.32137500000002,18.780905520543456,174.54046947945656,173.6452631061077,0.9028513762611948
correction,legacy,2,eval,131072,False,32,29409.4054375,141.5896404068917,29267.81579709311,28838.83847542834,0.9951855660357435
correction,legacy,2,eval,131072,True,32,36821.121968750005,140.68451127968729,36680.43745747032,37589.98470990825,0.9961792443098533
correction,legacy,2,generate,131072,False,32,27112.724062499998,959.0026893420145,26153.721373157983,26044.91787995994,0.9646290543461686
correction,legacy,2,generate,131072,True,32,27039.97453125,969.0784499980509,26070.89608125195,25965.96243926656,0.9641612661699037
correction,legacy,2,feedback,131072,True,32,918.90671875,62.08187551237643,856.8248432376236,821.5571547442675,0.9324394149638745
correction,native,2,eval,16,False,128,43.4444765625,1.559987140353769,41.88448942214623,40.73474408280849,0.9640923941594843
correction,native,2,eval,16,True,128,44.236640625,1.5637415344826877,42.67289909051731,41.37987216293811,0.9646505360174445
correction,native,2,generate,16,False,128,49.0401796875,8.221693860832602,40.8184858266674,39.57992074608802,0.8323478031030083
correction,native,2,generate,16,True,128,48.517046875,8.34001912153326,40.17702775346674,38.766421560406684,0.8281012621600692
correction,native,2,feedback,16,True,128,28.3425546875,3.1488343665841967,25.193720320915805,24.95004593968391,0.8889008277022771
correction,native,2,eval,256,False,128,68.7659765625,2.309170668013394,66.4568058944866,65.56007698953152,0.9664198665758111
correction,native,2,eval,256,True,128,69.6875,1.8398277461528778,67.84767225384712,66.54050972926618,0.9735988843601381
correction,native,2,generate,256,False,128,60.004703125,10.743340681074187,49.26136244392581,48.165111866593364,0.820958356235944
correction,native,2,generate,256,True,128,59.3987890625,10.915729944827035,48.483059117672965,47.254848980307585,0.816229756243997
correction,native,2,feedback,256,True,128,27.107078125,3.1971758289728314,23.90990229602717,23.634917045235632,0.8820538379596075
correction,native,2,eval,4096,False,128,763.2054921875,5.224843334872276,757.9806488526277,756.8658408906459,0.9931540805348547
correction,native,2,eval,4096,True,128,771.2804687500001,5.435798811959103,765.844669938041,763.7476507533788,0.9929522410689735
correction,native,2,generate,4096,False,128,575.718234375,39.27444777218625,536.4437866028137,534.6609615954161,0.931781824116058
correction,native,2,generate,4096,True,128,572.8766640625,39.116988773457706,533.7596752890423,533.2110236951112,0.9317183065268128
correction,native,2,feedback,4096,True,128,44.463703125,5.11863618157804,39.34506694342196,39.055426774501804,0.8848805695020923
correction,native,2,eval,32768,False,32,6530.70878125,43.80219615995884,6486.9065850900415,6448.6753137807855,0.9932928878584025
correction,native,2,eval,32768,True,32,6817.397875,45.67451833281666,6771.723356667183,6733.070406305552,0.9933003003242177
correction,native,2,generate,32768,False,32,4694.178375,248.52759088389575,4445.650784116105,4444.38035050726,0.9470562106869457
correction,native,2,generate,32768,True,32,4730.9692187499995,250.97807520069182,4479.991143549308,4455.896119461894,0.9469499665721764
correction,native,2,feedback,32768,True,32,195.16953125,19.48060526046902,175.688925989531,173.84504199314117,0.9001862373921696
correction,native,2,eval,131072,False,32,34823.001718750005,140.8099924447015,34682.191726305304,35435.07995772481,0.9959564085376108
correction,native,2,eval,131072,True,32,37688.74840625,143.0786505807191,37545.66975566928,37450.61437376618,0.9962036773140232
correction,native,2,generate,131072,False,32,27296.56215625,974.3450355017558,26322.217120748242,26216.31296491015,0.964305210673621
correction,native,2,generate,131072,True,32,27358.3195625,963.6501781642437,26394.669384335757,26272.668471839308,0.964776704359974
correction,native,2,feedback,131072,True,32,923.9116250000001,62.643957789987326,861.2676672100127,833.4724648075104,0.9321970239415622
offsets-ab,native,0,eval,16,False,128,40.233242187500004,1.5772275219205767,38.65601466557943,37.21885963094235,0.9607979015320172
offsets-ab,native,0,eval,16,True,128,40.495796874999996,1.7232632671948522,38.772533607805144,37.58995266377926,0.9574458733948583
offsets-ab,native,0,generate,16,False,128,47.028718749999996,8.614337275503203,38.41438147449679,36.48574579524994,0.8168281529995285
offsets-ab,native,0,generate,16,True,128,47.2864453125,8.619284926680848,38.66716038581915,37.389851677298545,0.8177218678689224
offsets-ab,native,0,feedback,16,True,128,26.6032578125,3.0811170290689915,23.52214078343101,23.2150342220068,0.8841827173654921
offsets-ab,native,0,eval,256,False,128,305.01975,1.9985636754427105,303.0211863245573,68.0650082063675,0.9934477564962836
offsets-ab,native,0,eval,256,True,128,69.01030468750001,1.9692051864694804,67.04109950103053,65.44978199601174,0.9714650559016274
offsets-ab,native,0,generate,256,False,128,58.904851562500006,10.658521205186844,48.24633035731316,46.59477439117432,0.8190552913306675
offsets-ab,native,0,generate,256,True,128,59.327132812500004,11.15664781536907,48.170484997130934,47.07137322998047,0.8119469577161429
offsets-ab,native,0,feedback,256,True,128,27.53803125,3.251661837566644,24.286369412433356,23.989706127047537,0.8819210491829679
offsets-ab,native,0,eval,4096,False,128,733.9884453125,5.20250978297554,728.7859355295244,728.1164904602765,0.9929120004324311
offsets-ab,native,0,eval,4096,True,128,781.7681875,5.454534402815625,776.3136530971843,775.9122773106097,0.9930228237858353
offsets-ab,native,0,generate,4096,False,128,576.6822734374999,39.25863347831182,537.4236399591881,537.1220815749168,0.9319232872474159
offsets-ab,native,0,generate,4096,True,128,576.376421875,38.80821168422699,537.568210190773,537.2764346487522,0.9326686342269507
offsets-ab,native,0,feedback,4096,True,128,45.730312500000004,5.392263119574636,40.33804938042537,39.920057720541955,0.8820855833955948
offsets-ab,native,0,eval,32768,False,32,6365.2529374999995,44.17161107994616,6321.081326420053,6292.671146909952,0.9930605096900839
offsets-ab,native,0,eval,32768,True,32,6933.40584375,47.74046828970313,6885.665375460297,6809.54216736269,0.9931144275460613
offsets-ab,native,0,generate,32768,False,32,4666.7623125,262.0525483507663,4404.709764149234,4419.8011456574195,0.9438470333813972
offsets-ab,native,0,generate,32768,True,32,4529.4216562500005,253.70100047439337,4275.720655775607,4249.725473689198,0.94398821312555
offsets-ab,native,0,feedback,32768,True,32,202.3270625,18.741862731985748,183.58519976801426,182.3750056028366,0.9073684829878567
offsets-ab,native,0,eval,131072,False,32,28431.50875,138.9261451549828,28292.582604845018,27756.079395921708,0.9951136555440455
offsets-ab,native,0,eval,131072,True,32,29522.260875,134.97761392500252,29387.283261074997,29259.353995331763,0.9954279377688413
offsets-ab,native,0,generate,131072,False,32,19197.217624999997,950.0326705165207,18247.184954483477,18197.865971057894,0.9505119601665962
offsets-ab,native,0,generate,131072,True,32,19521.485093749998,951.5026467852294,18569.98244696477,18496.396943858505,0.9512586956260893
offsets-ab,native,0,feedback,131072,True,32,751.79228125,61.84964149724692,689.942639752753,658.1565890069007,0.9177304116578453
offsets-ab,offsets,0,eval,16,False,128,37.491453125,1.607073500053957,35.88437962494604,35.21064524400234,0.957134937002953
offsets-ab,offsets,0,eval,16,True,128,38.934609375,1.6834783309604973,37.251131044039504,36.3749057930708,0.9567613915232585
offsets-ab,offsets,0,generate,16,False,128,46.716546875,8.571532816858962,38.14501405814104,36.95154740905762,0.8165204110698954
offsets-ab,offsets,0,generate,16,True,128,46.490156250000005,8.42646841192618,38.063687838073825,36.92054811763764,0.8187472555133394
offsets-ab,offsets,0,feedback,16,True,128,27.0888984375,3.060828021261841,24.028070416238158,23.72454664826393,0.8870080291997167
offsets-ab,offsets,0,eval,256,False,128,55.4287734375,1.905802491819486,53.52297094568051,52.17060194778442,0.9656170906619751
offsets-ab,offsets,0,eval,256,True,128,55.9934375,2.0650404621846974,53.9283970378153,52.55473512530327,0.9631199555807821
offsets-ab,offsets,0,generate,256,False,128,58.1026953125,10.564806871116161,47.53788844138384,46.23019541323185,0.818170107009764
offsets-ab,offsets,0,generate,256,True,128,59.4406796875,10.924821253865957,48.515858433634044,47.00983216524124,0.816206320127874
offsets-ab,offsets,0,feedback,256,True,128,27.767093749999997,3.2420975912828,24.524996158717197,24.0499639159441,0.883239577736406
offsets-ab,offsets,0,eval,4096,False,128,446.3639375,5.071004125056788,441.29293337494323,441.55650370085243,0.9886393059585895
offsets-ab,offsets,0,eval,4096,True,128,457.12496875,5.145633622305468,451.9793351276945,450.66699637198445,0.9887434859741394
offsets-ab,offsets,0,generate,4096,False,128,570.8290078125,39.00481897289865,531.8241888396013,531.4059959766865,0.9316698723451865
offsets-ab,offsets,0,generate,4096,True,128,573.540234375,38.652266084682196,534.8879682903178,533.3167843499184,0.9326075769962285
offsets-ab,offsets,0,feedback,4096,True,128,45.309124999999995,5.779103958047926,39.53002104195207,39.28058044731617,0.8724516538766104
offsets-ab,offsets,0,eval,32768,False,32,4202.6415625,40.247628930956125,4162.393933569044,4143.995613153458,0.9904232544383313
offsets-ab,offsets,0,eval,32768,True,32,4279.46790625,42.72967635188252,4236.738229898117,4202.704964514852,0.9900151894375753
offsets-ab,offsets,0,generate,32768,False,32,4599.23165625,252.90946359746158,4346.322192652538,4317.890931141496,0.9450104968611927
offsets-ab,offsets,0,generate,32768,True,32,4668.3808125000005,252.12430045939982,4416.256512040601,4392.576450190663,0.9459932018004369
offsets-ab,offsets,0,feedback,32768,True,32,202.31953125,19.15601023938507,183.16352101061494,182.4552447681427,0.9053180376554225
offsets-ab,offsets,0,eval,131072,False,32,17649.32696875,151.471103890799,17497.8558648592,17193.403844099284,0.9914177405088027
offsets-ab,offsets,0,eval,131072,True,32,17556.60740625,146.45964256487787,17410.147763685123,17430.73894606769,0.9916578619561351
offsets-ab,offsets,0,generate,131072,False,32,19153.49028125,948.8488431088626,18204.641438141138,18079.62571159649,0.9504607865628688
offsets-ab,offsets,0,generate,131072,True,32,19464.199375,948.0142762186006,18516.1850987814,18407.451324281337,0.9512944633398979
offsets-ab,offsets,0,feedback,131072,True,32,786.63546875,66.98627839796245,719.6491903520375,687.7721367551089,0.914844574063757
offsets-ab,offsets,1,eval,16,False,128,41.0402109375,1.6863414202816784,39.35386951721832,37.27989407539368,0.9589100206417116
offsets-ab,offsets,1,eval,16,True,128,39.2938203125,1.647964381845668,37.645855930654335,36.44498781681061,0.9580604693374285
offsets-ab,offsets,1,generate,16,False,128,45.9951484375,8.403072570217773,37.592075867282226,36.460537922859196,0.8173052407552028
offsets-ab,offsets,1,generate,16,True,128,45.7221953125,8.352930308319628,37.36926500418037,36.08003639996051,0.8173112587611029
offsets-ab,offsets,1,feedback,16,True,128,25.8280625,2.9099137464072555,22.918148753592746,22.55537984061241,0.8873351903029019
offsets-ab,offsets,1,eval,256,False,128,57.56596875,2.0485458662733436,55.51742288372666,53.269839061498644,0.9644139426338875
offsets-ab,offsets,1,eval,256,True,128,56.741359374999995,2.00551949092187,54.735839884078125,53.30516563355923,0.9646550679607881
offsets-ab,offsets,1,generate,256,False,128,57.58190625,10.33673106576316,47.24517518423684,46.16507466197014,0.8204864732875501
offsets-ab,offsets,1,generate,256,True,128,59.137367187500004,10.86130941985175,48.276057767648254,47.23057214486599,0.8163376231238862
offsets-ab,offsets,1,feedback,256,True,128,27.6401875,3.2808093237690628,24.359378176230937,24.029701029658316,0.8813029280727903
offsets-ab,offsets,1,eval,4096,False,128,445.74392968750004,5.093395884614438,440.6505338028856,440.79149403476714,0.9885732692126951
offsets-ab,offsets,1,eval,4096,True,128,446.3277734375,5.140460416441783,441.18731302105823,441.0903505567312,0.9884827682201999
offsets-ab,offsets,1,generate,4096,False,128,563.2822890625,38.72394881909713,524.5583402434029,523.6913385494947,0.9312530332108482
offsets-ab,offsets,1,generate,4096,True,128,567.9914843749999,39.10584928235039,528.8856350926495,527.8565005453825,0.9311506415886125
offsets-ab,offsets,1,feedback,4096,True,128,44.9789609375,5.291112756822258,39.68784818067774,39.16464045286178,0.8823647179361377
offsets-ab,offsets,1,eval,32768,False,32,4155.323375,43.1240041507408,4112.199370849259,4080.7447683066134,0.989621986002295
offsets-ab,offsets,1,eval,32768,True,32,4202.5116875,42.773637687787414,4159.738049812213,4128.781086609126,0.989821887273981
offsets-ab,offsets,1,generate,32768,False,32,4685.39065625,249.8872927390039,4435.503363510996,4422.580750854135,0.9466667112579672
offsets-ab,offsets,1,generate,32768,True,32,4696.137156250001,248.43848950695246,4447.698666743048,4417.191069103122,0.9470972671280884
offsets-ab,offsets,1,feedback,32768,True,32,195.51665624999998,19.294355297461152,176.22230095253883,175.80044549155235,0.9013160532328757
offsets-ab,offsets,1,eval,131072,False,32,19401.99778125,161.37589409481734,19240.621887155183,17813.629394415497,0.9916825114653518
offsets-ab,offsets,1,eval,131072,True,32,18272.57859375,173.22144412901253,18099.357149620988,18068.315023160336,0.9905201423411438
offsets-ab,offsets,1,generate,131072,False,32,21328.82175,1520.3543880488724,19808.467361951127,19621.31017439997,0.9287183133757085
offsets-ab,offsets,1,generate,131072,True,32,21279.96315625,1497.0788033679128,19782.884352882087,19773.53496514821,0.9296484306680665
offsets-ab,offsets,1,feedback,131072,True,32,876.2834375,89.75948730949312,786.5239501905069,746.6875197446348,0.8975679746206625
offsets-ab,native,1,eval,16,False,128,39.3539921875,1.6642079572193325,37.689784230280665,36.425668679356576,0.9577118390101237
offsets-ab,native,1,eval,16,True,128,39.894765625,1.673037331784144,38.221728293215854,36.94475580048561,0.9580637382981456
offsets-ab,native,1,generate,16,False,128,45.51621875,8.170041837729514,37.34617691227049,35.900091413855556,0.8205026238536233
offsets-ab,native,1,generate,16,True,128,46.478390625,8.227892976719886,38.25049764828012,36.960432463765144,0.8229737977998268
offsets-ab,native,1,feedback,16,True,128,26.7230859375,3.2069365261122584,23.51614941138774,23.225116245746612,0.87999378014902
offsets-ab,native,1,eval,256,False,128,68.5708515625,1.9141443772241473,66.65670718527585,65.43499139130115,0.972085159603429
offsets-ab,native,1,eval,256,True,128,69.7503359375,1.890526618808508,67.85980931869149,66.01498629391193,0.9728958062581589
offsets-ab,native,1,generate,256,False,128,58.331359375,10.552426829235628,47.77893254576437,46.614869549751276,0.8190951326644678
offsets-ab,native,1,generate,256,True,128,59.0342109375,10.878677130676806,48.15553380682319,46.976024036884304,0.8157224945007878
offsets-ab,native,1,feedback,256,True,128,28.1835390625,3.4416552807670087,24.74188378173299,24.46497411072254,0.8778842049206534
offsets-ab,native,1,eval,4096,False,128,737.49196875,5.163125024409965,732.32884372559,731.9125189930202,0.9929990762704018
offsets-ab,native,1,eval,4096,True,128,761.8290390625,5.389527359511703,756.4395117029883,754.6520928735733,0.9929255422369512
offsets-ab,native,1,generate,4096,False,128,571.5527421874999,38.753401895519346,532.7993402919806,532.1316335430146,0.9321962803516632
offsets-ab,native,1,generate,4096,True,128,573.9875390625,38.94533438142389,535.0422046810761,533.8265392729044,0.9321495124353506
offsets-ab,native,1,feedback,4096,True,128,45.6067734375,5.513040377991274,40.09373305950873,39.71544054377079,0.8791179475665736
offsets-ab,native,1,eval,32768,False,32,6537.736218749999,45.505439629778266,6492.230779120221,6450.186123813748,0.993039572398276
offsets-ab,native,1,eval,32768,True,32,7160.186125,40.795523091219366,7119.390601908781,6595.122194774866,0.9943024493527087
offsets-ab,native,1,generate,32768,False,32,4596.4696875,249.4347281754017,4347.034959324598,4334.921077129602,0.9457334116977353
offsets-ab,native,1,generate,32768,True,32,4700.221874999999,250.45852817129344,4449.763346828706,4426.181060461521,0.9467134669740898
offsets-ab,native,1,feedback,32768,True,32,197.67859375,18.958933651447296,178.7196600985527,178.28977177798748,0.9040921260527366
offsets-ab,native,1,eval,131072,False,32,29369.38878125,141.95784751791507,29227.430933732085,28096.180400679947,0.9951664691228255
offsets-ab,native,1,eval,131072,True,32,29491.06003125,138.84436339139938,29352.2156678586,29299.3843767488,0.9952919846474059
offsets-ab,native,1,generate,131072,False,32,19857.72565625,947.8531283093616,18909.87252794064,18527.746886666653,0.9522677901428739
offsets-ab,native,1,generate,131072,True,32,19393.712,946.7542258789763,18446.957774121023,18325.617141599298,0.9511824128419059
offsets-ab,native,1,feedback,131072,True,32,764.9507812500001,65.40310278069228,699.5476784693078,663.5570226873159,0.9145002470958752
offsets-ab,native,2,eval,16,False,128,38.865359375000004,1.5030091162770987,37.362350258722905,36.349942469000815,0.9613277957428613
offsets-ab,native,2,eval,16,True,128,41.34665625,1.5690529835410416,39.77760326645896,36.25456984055042,0.9620512726820312
offsets-ab,native,2,generate,16,False,128,46.413062499999995,8.746734238229692,37.6663282617703,36.646559126734736,0.811545850088438
offsets-ab,native,2,generate,16,True,128,45.351140625,8.029794116737321,37.32134650826268,35.95985500872135,0.8229417384860467
offsets-ab,native,2,feedback,16,True,128,26.573078125000002,3.2550233299843967,23.318054795015605,23.060022504329684,0.8775067263689688
offsets-ab,native,2,eval,256,False,128,67.7105,1.8363753042649478,65.87412469573505,64.72514372110366,0.9728790172238434
offsets-ab,native,2,eval,256,True,128,68.994140625,1.8838181858882308,67.11032243911177,65.61985230207442,0.9726959685442386
offsets-ab,native,2,generate,256,False,128,60.584078125,10.810530511662364,49.773547613337634,49.454944244623185,0.8215615249710072
offsets-ab,native,2,generate,256,True,128,58.72665625,10.73817111318931,47.98848513681069,47.01983368813992,0.8171499656395079
offsets-ab,native,2,feedback,256,True,128,28.2290625,3.506924258545041,24.72213824145496,24.03004441678524,0.8757690143431068
offsets-ab,native,2,eval,4096,False,128,738.6830859375,5.40162727702409,733.2814586604759,732.7716580822467,0.9926874902378892
offsets-ab,native,2,eval,4096,True,128,868.2461015625,5.451049219118431,862.7950523433816,772.9315460028648,0.9937217694276903
offsets-ab,native,2,generate,4096,False,128,576.6486484375,39.06982601620257,537.5788224212974,536.7061805936098,0.9322467396358822
offsets-ab,native,2,generate,4096,True,128,577.0849140625,39.560985896969214,537.5239281655308,537.2526491208076,0.9314468548164393
offsets-ab,native,2,feedback,4096,True,128,45.7262578125,5.390465958043933,40.33579185445607,39.98487838089466,0.8821144301782254
offsets-ab,native,2,eval,32768,False,32,6495.87015625,42.68980410415679,6453.180352145843,6417.536041969895,0.9934281623435649
offsets-ab,native,2,eval,32768,True,32,6821.53846875,42.55474777892232,6778.983720971078,6731.712061714053,0.9937617081580835
offsets-ab,native,2,generate,32768,False,32,4614.1029375,250.48136012628675,4363.621577373713,4336.186128928781,0.9457139635766336
offsets-ab,native,2,generate,32768,True,32,4744.152,250.77037571463734,4493.381624285363,4394.065909072399,0.9471411591123898
offsets-ab,native,2,feedback,32768,True,32,198.6808125,18.65738886408508,180.02342363591492,173.8698040651083,0.9060936552990738
offsets-ab,native,2,eval,131072,False,32,28859.16659375,139.48368723504245,28719.682906514958,28335.907043196676,0.995166745831626
offsets-ab,native,2,eval,131072,True,32,29578.6150625,139.0829565934837,29439.532105906517,29319.479011332514,0.9952978543349782
offsets-ab,native,2,generate,131072,False,32,19655.050593750002,948.1619345024228,18706.88865924758,18668.276808989165,0.9517598832941228
offsets-ab,native,2,generate,131072,True,32,19968.8770625,952.4101769784465,19016.466885521553,18929.10330178666,0.9523052711478204
offsets-ab,native,2,feedback,131072,True,32,749.6224375,62.14261520653963,687.4798222934604,653.1214840229749,0.9171014472114976
offsets-ab,offsets,2,eval,16,False,128,38.250625,1.6643134586047381,36.58631154139526,35.705058122873304,0.9564892479899416
offsets-ab,offsets,2,eval,16,True,128,37.347226562500005,1.5081313904374838,35.83909517206252,34.970029590129855,0.9596186509883499
offsets-ab,offsets,2,generate,16,False,128,45.488757812500005,8.330840501002967,37.15791731149704,36.204669577479365,0.8168593537915052
offsets-ab,offsets,2,generate,16,True,128,45.6376171875,8.419745427090675,37.217871760409324,36.05506135821342,0.8155086539137539
offsets-ab,offsets,2,feedback,16,True,128,25.6561015625,2.9195871320553124,22.73651443044469,22.445198269486426,0.8862030100347474
offsets-ab,offsets,2,eval,256,False,128,55.2172421875,1.9151120795868337,53.302130107913165,51.89521250426769,0.9653167741865172
offsets-ab,offsets,2,eval,256,True,128,56.403757812500004,2.065309672616422,54.33844813988358,53.02993708598614,0.9633834738550219
offsets-ab,offsets,2,generate,256,False,128,58.609875,10.706826287787408,47.903048712212595,47.05011848688125,0.817320438103862
offsets-ab,offsets,2,generate,256,True,128,60.3883984375,11.057814845116809,49.33058359238319,47.91992948114872,0.8168884234185928
offsets-ab,offsets,2,feedback,256,True,128,28.181671875,3.368637408129871,24.81303446687013,24.519957295656205,0.8804670843138234
offsets-ab,offsets,2,eval,4096,False,128,446.514640625,5.033434717915952,441.4812059070841,440.4459466353655,0.9887272795560063
offsets-ab,offsets,2,eval,4096,True,128,450.5046171875,4.94851337862201,445.556103808878,443.63599350607393,0.9890156211727295
offsets-ab,offsets,2,generate,4096,False,128,929.5187734374999,40.13576472061686,889.3830087168831,541.4308950862884,0.9568209208167052
offsets-ab,offsets,2,generate,4096,True,128,574.4049375,38.86005288222805,535.5448846177719,534.9315674033165,0.9323472861299559
offsets-ab,offsets,2,feedback,4096,True,128,45.4376484375,5.324494850356132,40.11315358714387,39.64978973686695,0.8828175525483006
offsets-ab,offsets,2,eval,32768,False,32,4150.7955,44.0866278950125,4106.708872104988,4071.9850709146267,0.9893787521223312
offsets-ab,offsets,2,eval,32768,True,32,4258.12509375,44.2381133325398,4213.88698041746,4161.70535496223,0.9896108939125645
offsets-ab,offsets,2,generate,32768,False,32,4627.1224999999995,249.0775368642062,4378.044963135793,4354.185778645397,0.9461701009938237
offsets-ab,offsets,2,generate,32768,True,32,4711.49603125,250.05705538205802,4461.438975867942,4391.2015751947165,0.9469261878342884
offsets-ab,offsets,2,feedback,32768,True,32,194.91875,18.95212335512042,175.96662664487957,174.27074200797082,0.9027691109494576
offsets-ab,offsets,2,eval,131072,False,32,18777.4485,145.95095126423985,18631.49754873576,17291.465201784373,0.9922273278361413
offsets-ab,offsets,2,eval,131072,True,32,17749.929875,146.2990476284176,17603.630827371584,17544.824560168385,0.9917577675709878
offsets-ab,offsets,2,generate,131072,False,32,19598.238875,947.5447004660964,18650.694174533903,18551.497451124193,0.9516515383596631
offsets-ab,offsets,2,generate,131072,True,32,19505.272781249998,945.9076827624813,18559.365098487517,18443.391922325136,0.951505026698639
offsets-ab,offsets,2,feedback,131072,True,32,720.328125,62.735285609960556,657.5928393900394,634.3568697656393,0.9129073495360736
packing-ab,offsets,0,eval,16,False,128,38.35165625,1.6851263353601098,36.66652991463989,35.5651034706831,0.9560611848318777
packing-ab,offsets,0,eval,16,True,128,38.1828359375,1.6621161194052547,36.52071981809475,35.62973155081272,0.956469547675141
packing-ab,offsets,0,generate,16,False,128,56.1935703125,8.738035830901936,47.455534481598065,37.14983925104142,0.8445011451967095
packing-ab,offsets,0,generate,16,True,128,46.8125703125,8.74569741426967,38.06687289823033,37.02950552999973,0.8131763038028618
packing-ab,offsets,0,feedback,16,True,128,25.993351562500003,3.0787305149715394,22.914621047528463,22.705024027228355,0.8815570009289163
packing-ab,offsets,0,eval,256,False,128,55.3488671875,1.9857761799357831,53.363091007564215,52.161654730200766,0.964122550634889
packing-ab,offsets,0,eval,256,True,128,55.532890625,2.0556799427140504,53.47721068228595,52.36974022269249,0.9629826591128571
packing-ab,offsets,0,generate,256,False,128,57.425007812500006,10.519383067730814,46.90562474476919,45.730073139071465,0.8168152958363027
packing-ab,offsets,0,generate,256,True,128,59.919625,10.871131962630898,49.048493037369106,47.97055989849567,0.8185714285990459
packing-ab,offsets,0,feedback,256,True,128,27.1641796875,3.003948222612962,24.160231464887037,23.639965438842776,0.8894150952772826
packing-ab,offsets,0,eval,4096,False,128,447.94435937500003,5.320645868778229,442.6237135062218,442.6161244521141,0.9881220831171935
packing-ab,offsets,0,eval,4096,True,128,452.5070234375,5.11786129209213,447.38916214540785,446.4009970805645,0.9886899848466131
packing-ab,offsets,0,generate,4096,False,128,569.7901171875,39.13441105396487,530.6557061335351,529.8060287925006,0.9313178486718348
packing-ab,offsets,0,generate,4096,True,128,574.1283515624999,39.30671664420515,534.8216349182948,534.3170025969744,0.9315367085822687
packing-ab,offsets,0,feedback,4096,True,128,45.281390625,5.214737029746175,40.066653595253825,39.33994277524948,0.8848370830098335
packing-ab,offsets,0,eval,32768,False,32,4207.1476250000005,45.39209476206452,4161.755530237936,4135.875006477713,0.9892107197540841
packing-ab,offsets,0,eval,32768,True,32,4330.360531249999,43.4015819337219,4286.9589493162775,4244.390350636601,0.9899773744886794
packing-ab,offsets,0,generate,32768,False,32,4658.063281250001,254.4288436183706,4403.63443763163,4376.126880815625,0.9453788348813299
packing-ab,offsets,0,generate,32768,True,32,4613.63575,251.41813966911286,4362.2176103308875,4336.4713659257895,0.9455054206069231
packing-ab,offsets,0,feedback,32768,True,32,201.08028125,19.149330910295248,181.93095033970476,181.0106350259781,0.9047677336074184
packing-ab,offsets,0,eval,131072,False,32,17861.29546875,152.51198783516884,17708.78348091483,17296.296032227514,0.9914613143205653
packing-ab,offsets,0,eval,131072,True,32,17718.433031250002,150.36163676995784,17568.071394480045,17547.08151606751,0.9915138298908959
packing-ab,offsets,0,generate,131072,False,32,19853.28025,938.5580924572423,18914.722157542757,18829.90489832115,0.9527252886858714
packing-ab,offsets,0,generate,131072,True,32,21795.264249999997,1509.2527319211513,20286.011518078845,20336.423643231272,0.9307531803877463
packing-ab,offsets,0,feedback,131072,True,32,873.4339062500001,90.78044968191534,782.6534565680847,748.5224922692776,0.896064889361037
packing-ab,packing,0,eval,16,False,128,66.6449375,3.5382072383072227,63.10673026169278,64.13004951417446,0.9469095872689921
packing-ab,packing,0,eval,16,True,128,66.5023828125,3.3586184144951403,63.143764398004855,64.23011829733848,0.9494962695703011
packing-ab,packing,0,generate,16,False,128,85.4992578125,18.156955775339156,67.34230203716085,68.1999806445837,0.7876361007114543
packing-ab,packing,0,generate,16,True,128,86.1251640625,18.148588424082845,67.97657563841716,69.34544396865368,0.789276588072301
packing-ab,packing,0,feedback,16,True,128,42.249070312499995,6.4527303038630635,35.79634000863693,35.48993498086929,0.8472692947765544
packing-ab,packing,0,eval,256,False,128,89.4129296875,4.176090442342684,85.23683924515731,87.84554189968111,0.9532943338626952
packing-ab,packing,0,eval,256,True,128,90.121390625,4.048601113026962,86.07278951197304,87.9298691803217,0.9550761358102716
packing-ab,packing,0,generate,256,False,128,105.170921875,23.41089566471055,81.76002621028945,82.89057504105568,0.777401440936922
packing-ab,packing,0,generate,256,True,128,106.750234375,23.314838472288102,83.4353959027119,83.74981830954552,0.7815944985152348
packing-ab,packing,0,feedback,256,True,128,45.955999999999996,7.357008144026622,38.598991855973374,38.62488711595535,0.8399119126114845
packing-ab,packing,0,eval,4096,False,128,376.4806953125,9.43020495469682,367.0504903578032,366.57596715128426,0.9749516905591421
packing-ab,packing,0,eval,4096,True,128,387.60484375,9.360232070321217,378.24461167967877,377.9211261013746,0.9758510962356332
packing-ab,packing,0,generate,4096,False,128,696.8690078125001,78.05461063981056,618.8143971726895,616.912067885518,0.8879924207207505
packing-ab,packing,0,generate,4096,True,128,694.0780078125,78.2837851147633,615.7942226977367,615.2367035169601,0.8872118346445129
packing-ab,packing,0,feedback,4096,True,128,70.0975390625,11.161344446009025,58.93619461649097,59.98609387743473,0.8407740899996873
packing-ab,packing,0,eval,32768,False,32,2614.0785312499997,56.034012231975794,2558.044519018024,2509.0812923641206,0.9785645260606683
packing-ab,packing,0,eval,32768,True,32,2730.85403125,57.0956472074613,2673.7583840425386,2625.9116782125234,0.9790923840842102
packing-ab,packing,0,generate,32768,False,32,5246.78921875,432.5589397922158,4814.230278957784,4806.11736737287,0.9175574009631611
packing-ab,packing,0,generate,32768,True,32,5493.73753125,432.8468057792634,5060.8907254707365,5038.733331691145,0.9212108690455081
packing-ab,packing,0,feedback,32768,True,32,264.986625,32.869778806343675,232.11684619365633,231.9200116080046,0.8759568381749696
packing-ab,packing,0,eval,131072,False,32,10969.27409375,195.39961067494005,10773.87448307506,10864.959021995903,0.9821866416132063
packing-ab,packing,0,eval,131072,True,32,10865.4868125,186.22729112394154,10679.259521376058,10685.95295050347,0.9828606583084984
packing-ab,packing,0,generate,131072,False,32,21762.3864375,1601.6355803003535,20160.750857199648,20168.648090608593,0.9264034950900198
packing-ab,packing,0,generate,131072,True,32,21903.77928125,1606.0948983067647,20297.684382943236,20181.469167458177,0.9266749871022665
packing-ab,packing,0,feedback,131072,True,32,845.33759375,90.45109618455172,754.8864975654483,736.397522790432,0.8930000311670727
packing-ab,packing,1,eval,16,False,128,64.2776953125,3.238168574171141,61.03952673832885,61.22548073101043,0.9496222047410369
packing-ab,packing,1,eval,16,True,128,63.2841953125,3.2655188988428563,60.01867641365714,58.81054593968392,0.94839914005831
packing-ab,packing,1,generate,16,False,128,79.53625,16.67702235863544,62.859227641364555,62.354763042926784,0.7903217418644274
packing-ab,packing,1,generate,16,True,128,83.5441796875,18.03822669899091,65.5059529885091,65.18051151454448,0.7840875717917928
packing-ab,packing,1,feedback,16,True,128,42.184640625,6.536101864185184,35.648538760814816,35.19558578777313,0.8450596765233156
packing-ab,packing,1,eval,256,False,128,87.17381250000001,3.932073013857007,83.241739486143,82.27066516804696,0.9548938735029283
packing-ab,packing,1,eval,256,True,128,87.731859375,4.0158702176995575,83.71598915730044,84.03485031366348,0.9542256342643535
packing-ab,packing,1,generate,256,False,128,101.2853046875,22.267915483098477,79.01738920440152,79.70472854495048,0.7801466308286019
packing-ab,packing,1,generate,256,True,128,103.1245703125,22.327712940750644,80.79685737174935,80.38053730773925,0.7834879420773282
packing-ab,packing,1,feedback,256,True,128,43.9948671875,6.839596608188003,37.155270579311996,36.595583736181254,0.8445364869715689
packing-ab,packing,1,eval,4096,False,128,321.00775781249996,6.100071914261207,314.90768589823875,314.715977748394,0.9809971199580035
packing-ab,packing,1,eval,4096,True,128,303.1216171875,5.029811291024089,298.09180589647593,296.681094396472,0.9834066229334187
packing-ab,packing,1,generate,4096,False,128,569.9076875,39.209218812175095,530.6984686878249,529.9709353367091,0.9312007546622626
packing-ab,packing,1,generate,4096,True,128,573.1367656250001,39.45649950765073,533.6802661173493,531.5220836265087,0.9311569212199747
packing-ab,packing,1,feedback,4096,True,128,45.0456875,5.3962394304107875,39.64944806958921,39.3405994938612,0.8802051932183123
packing-ab,packing,1,eval,32768,False,32,2225.4587500000002,33.05915743112564,2192.3995925688746,2156.829908782721,0.9851450145139173
packing-ab,packing,1,eval,32768,True,32,2266.2675624999997,32.96221257187426,2233.3053499281255,2204.6609101257322,0.9854552864289721
packing-ab,packing,1,generate,32768,False,32,4496.55571875,246.63885415066034,4249.9168645993395,4232.511543616176,0.9451493833108281
packing-ab,packing,1,generate,32768,True,32,4502.43265625,248.8995814928785,4253.5330747571215,4220.185323803663,0.9447188663338759
packing-ab,packing,1,feedback,32768,True,32,205.18209375,19.01850919239223,186.16358455760778,183.8452177582979,0.9073091182334607
packing-ab,packing,1,eval,131072,False,32,9745.952625,144.38624202739447,9601.566382972605,9594.485998756647,0.985185004731398
packing-ab,packing,1,eval,131072,True,32,10521.686125,141.889278893359,10379.796846106641,9887.076505037783,0.9865145873762359
packing-ab,packing,1,generate,131072,False,32,19810.699625,939.3125510541722,18871.38707394583,18751.88001808524,0.9525855942074447
packing-ab,packing,1,generate,131072,True,32,19801.585375,935.9131508972496,18865.67222410275,18750.874163090113,0.9527354434923749
packing-ab,packing,1,feedback,131072,True,32,735.2320000000001,63.00769746303558,672.2243025369645,643.4018529505729,0.9143022917078751
packing-ab,offsets,1,eval,16,False,128,38.4978515625,1.641816197661683,36.85603536483832,35.9349175107479,0.9573530435848804
packing-ab,offsets,1,eval,16,True,128,37.910046875,1.6700541891623288,36.23999268583767,35.35428433322907,0.9559469236567034
packing-ab,offsets,1,generate,16,False,128,46.267421875,8.71044903760776,37.55697283739224,36.52000482141972,0.8117368834351598
packing-ab,offsets,1,generate,16,True,128,46.186148437499995,8.324426744366065,37.86172169313393,36.259845342636105,0.8197635649218328
packing-ab,offsets,1,feedback,16,True,128,25.9786484375,3.003628080477938,22.97502035702206,22.659890035390855,0.8843808950375486
packing-ab,offsets,1,eval,256,False,128,56.2864140625,1.98783163796179,54.29858242453821,52.75557851243019,0.9646836333230517
packing-ab,offsets,1,eval,256,True,128,57.102000000000004,1.9967264961451292,55.105273503854875,53.705142198204996,0.9650322844008068
packing-ab,offsets,1,generate,256,False,128,58.376484375000004,10.694056982174516,47.68242739282549,46.30512510716915,0.8168088212801953
packing-ab,offsets,1,generate,256,True,128,60.880390625,11.172847734997049,49.70754289000295,48.555213465571406,0.816478711448855
packing-ab,offsets,1,feedback,256,True,128,27.5513984375,3.4190707083325833,24.132327729167418,23.68550345778465,0.8759020992677122
packing-ab,offsets,1,eval,4096,False,128,448.12394531250004,5.2658178901765496,442.8581274223235,442.19645173275467,0.9882491932304478
packing-ab,offsets,1,eval,4096,True,128,450.0778828125,5.077203240944073,445.0006795715559,443.9459970805645,0.9887192785186043
packing-ab,offsets,1,generate,4096,False,128,564.5870546875001,38.87970160576515,525.7073530817349,524.0914154758453,0.9311360377766984
packing-ab,offsets,1,generate,4096,True,128,568.1660312500001,39.43177216569893,528.7342590843011,527.6816269227267,0.9305981526580415
packing-ab,offsets,1,feedback,4096,True,128,44.8964453125,5.3543917601928115,39.54205355230719,39.075185800671576,0.8807390713691525
packing-ab,offsets,1,eval,32768,False,32,5711.56625,42.84032911527902,5668.725920884721,5755.695570037126,0.9924993728094673
packing-ab,offsets,1,eval,32768,True,32,6038.07421875,39.143633330240846,5998.930585419759,5962.705612678289,0.9935171990419249
packing-ab,offsets,1,generate,32768,False,32,6308.0493750000005,259.72154980991036,6048.32782519009,6027.916063919306,0.9588269630800234
packing-ab,offsets,1,generate,32768,True,32,5964.670312499999,259.1627853689715,5705.507527131028,5911.461055364131,0.9565503587304983
packing-ab,offsets,1,feedback,32768,True,32,237.1340625,19.60115332622081,217.5329091737792,216.39063198018073,0.9173414687051936
packing-ab,offsets,1,eval,131072,False,32,24475.92228125,140.64626884646714,24335.276012403534,24562.50058009243,0.9942536886973934
packing-ab,offsets,1,eval,131072,True,32,25132.482343749998,139.21386562287807,24993.26847812712,25241.657529457687,0.9944607992271206
packing-ab,offsets,1,generate,131072,False,32,27025.98021875,960.6650710338727,26065.315147716126,26253.470289610505,0.9644540156080117
packing-ab,offsets,1,generate,131072,True,32,26991.93653125,952.0269377389923,26039.90959351101,26178.716048386574,0.9647292095312695
packing-ab,offsets,1,feedback,131072,True,32,875.9713750000001,63.387720729224384,812.5836542707757,785.3023531936407,0.9276372236144995
packing-ab,offsets,2,eval,16,False,128,40.14884375,1.6292651707772166,38.51957857922278,37.0797901391983,0.9594193750404776
packing-ab,offsets,2,eval,16,True,128,42.451390625,1.5825062291696668,40.868884395830335,39.67009327590465,0.9627219225125286
packing-ab,offsets,2,generate,16,False,128,49.531437499999996,8.046677976381034,41.48475952361896,39.67053668558598,0.8375440249158722
packing-ab,offsets,2,generate,16,True,128,50.6423359375,8.63154127728194,42.01079466021806,40.57046609389782,0.829558784809324
packing-ab,offsets,2,feedback,16,True,128,29.1461953125,3.058958100154996,26.087237212345006,25.324831447005273,0.8950477732219446
packing-ab,offsets,2,eval,256,False,128,69.26477343750001,2.1806263248436153,67.0841471126564,65.7300133037567,0.9685175275017499
packing-ab,offsets,2,eval,256,True,128,70.588796875,1.9620238163042814,68.62677305869572,66.71012966620921,0.9722048837327731
packing-ab,offsets,2,generate,256,False,128,59.3373125,11.118099791929126,48.21921270807088,47.089914188981055,0.8126288616133546
packing-ab,offsets,2,generate,256,True,128,66.8248515625,11.094867659267038,55.72998390323296,54.26475523889064,0.8339709344675429
packing-ab,offsets,2,feedback,256,True,128,30.6093046875,3.304929123260081,27.30437556423992,26.969841641783713,0.8920286116590644
packing-ab,offsets,2,eval,4096,False,128,634.593953125,5.344551027519628,629.2494020974804,627.9369471640587,0.9915779988113645
packing-ab,offsets,2,eval,4096,True,128,644.483015625,5.468169547384605,639.0148460776154,636.0164779282808,0.9915154171408509
packing-ab,offsets,2,generate,4096,False,128,757.4215937499999,40.08433461422101,717.3372591357789,715.5714059896469,0.9470779088621396
packing-ab,offsets,2,generate,4096,True,128,654.6965703125,39.665246731601655,615.0313235808983,614.5409921165705,0.9394143049922064
packing-ab,offsets,2,feedback,4096,True,128,55.4694921875,5.521160346688703,49.9483318408113,49.326023381829266,0.9004649199234441
packing-ab,offsets,2,eval,32768,False,32,5918.767375,44.915752368979156,5873.851622631021,5839.1357248305085,0.9924112995961462
packing-ab,offsets,2,eval,32768,True,32,6164.49990625,39.20284507330507,6125.297061176695,6117.561560530305,0.9936405473810522
packing-ab,offsets,2,generate,32768,False,32,5788.433312499999,251.0703488951549,5537.3629636048445,5354.284047031402,0.9566255089519692
packing-ab,offsets,2,generate,32768,True,32,6320.7390625,254.6743198763579,6066.064742623642,6000.1419737221,0.9597081421400065
packing-ab,offsets,2,feedback,32768,True,32,255.48384375000003,19.152488675899804,236.3313550741002,235.59587752270699,0.9250344429033985
packing-ab,offsets,2,eval,131072,False,32,24317.254187500002,140.37756773177534,24176.876619768227,24597.646363644242,0.9942272442994845
packing-ab,offsets,2,eval,131072,True,32,18160.65084375,147.14615826960653,18013.504685480395,17702.55288382101,0.9918975283685801
packing-ab,offsets,2,generate,131072,False,32,19901.573187500002,938.4186996612698,18963.154487838732,18862.020192902688,0.9528470090871669
packing-ab,offsets,2,generate,131072,True,32,20855.6760625,989.2695088637993,19866.4065536362,19134.916754600046,0.952565934285747
packing-ab,offsets,2,feedback,131072,True,32,737.4266875,63.531333580613136,673.8953539193868,647.046935503006,0.9138472547067763
packing-ab,packing,2,eval,16,False,128,38.5113828125,1.6493795556016266,36.862003256898376,35.895534687519074,0.9571716351076786
packing-ab,packing,2,eval,16,True,128,37.718203125,1.6645026335027069,36.053700491497295,35.21008665561676,0.955870044286403
packing-ab,packing,2,generate,16,False,128,45.911500000000004,8.607668860349804,37.3038311396502,36.19495437622071,0.8125160611099659
packing-ab,packing,2,generate,16,True,128,47.064140625,8.872622856870294,38.19151776812971,36.750155628323554,0.8114780650609129
packing-ab,packing,2,feedback,16,True,128,26.8272890625,3.409106284379959,23.41818277812004,23.11980578017235,0.8729239366513066
packing-ab,packing,2,eval,256,False,128,52.9471171875,1.9020844774786383,51.04503271002136,49.855369117140775,0.9640757688328366
packing-ab,packing,2,eval,256,True,128,54.0762421875,1.9656290533021092,52.11061313419789,50.83065391588211,0.9636507831574792
packing-ab,packing,2,generate,256,False,128,59.913976562500004,11.49476520367898,48.41921135882102,47.30554056632519,0.808145513564968
packing-ab,packing,2,generate,256,True,128,59.7147421875,10.550873412285,49.163868775215,48.15477509975433,0.8233120829835283
packing-ab,packing,2,feedback,256,True,128,27.7757265625,3.148132236674428,24.627594325825573,24.24494710087776,0.8866588699456481
packing-ab,packing,2,eval,4096,False,128,297.580390625,5.675505235558376,291.90488538944163,284.75071309614185,0.9809278251714159
packing-ab,packing,2,eval,4096,True,128,295.055171875,5.248399247648194,289.8067726273518,288.6109853628874,0.982212142853501
packing-ab,packing,2,generate,4096,False,128,571.378734375,39.10876330337487,532.2699710716252,530.5763054480552,0.9315536946852707
packing-ab,packing,2,generate,4096,True,128,568.271359375,39.315171306952834,528.9561880680471,528.526577471733,0.9308162013475522
packing-ab,packing,2,feedback,4096,True,128,45.3111953125,5.480364052345976,39.83083126015402,39.370007275342935,0.8790505521968848
packing-ab,packing,2,eval,32768,False,32,3226.1209062499997,42.57098771631718,3183.5499185336826,3145.8242736896277,0.9868042801390847
packing-ab,packing,2,eval,32768,True,32,3376.94590625,41.67661245446652,3335.2692937955335,3295.1643623336554,0.9876584897681269
packing-ab,packing,2,generate,32768,False,32,6265.34215625,257.7585109975189,6007.583645252481,6084.781191218018,0.9588596273644223
packing-ab,packing,2,generate,32768,True,32,6071.933406249999,258.6731279734522,5813.260278276547,5993.63091457212,0.9573985564948402
packing-ab,packing,2,feedback,32768,True,32,251.3825625,19.610029994510114,231.7725325054899,229.13094449734686,0.9219912877031392
packing-ab,packing,2,eval,131072,False,32,10737.2128125,141.2848214386031,10595.927991061397,9638.2965221591,0.9868415738883257
packing-ab,packing,2,eval,131072,True,32,9827.3831875,141.3969584973529,9685.986229002647,9701.17120541239,0.9856119420806544
packing-ab,packing,2,generate,131072,False,32,19973.38365625,946.140251471661,19027.24340477834,18951.54606025386,0.9526299465451064
packing-ab,packing,2,generate,131072,True,32,19840.99290625,931.7661751993,18909.2267310507,18826.080988455178,0.9530383293012624
packing-ab,packing,2,feedback,131072,True,32,762.4724062500001,62.612409237772226,699.8599970122278,662.1119884653091,0.917882393219037
flat-ab,packing,0,eval,16,False,128,37.635695312500005,1.6379417502321303,35.997753562267874,35.110058122873305,0.9564790357496565
flat-ab,packing,0,eval,16,True,128,38.4673125,1.7542151908855885,36.71309730911441,35.81001634955406,0.9543972511496459
flat-ab,packing,0,generate,16,False,128,45.7193359375,8.469618478557095,37.249717458942904,36.11496099650859,0.8147475612914551
flat-ab,packing,0,generate,16,True,128,46.220484375,8.682251063873991,37.53823331112601,36.49546028792857,0.8121557750578206
flat-ab,packing,0,feedback,16,True,128,26.2778828125,3.055785782635212,23.222097029864788,22.97516311645508,0.8837126337597632
flat-ab,packing,0,eval,256,False,128,55.5393125,2.1339110389817506,53.40540146101825,52.270095327496534,0.9615783677736063
flat-ab,packing,0,eval,256,True,128,53.911984375,1.955151674337685,51.95683270066232,50.624765180945396,0.9637343774857539
flat-ab,packing,0,generate,256,False,128,58.869140625,10.802690667333081,48.06644995766692,46.69991847205162,0.8164965455136015
flat-ab,packing,0,generate,256,True,128,59.9731484375,11.153399100294337,48.819749337205664,47.560023222565654,0.8140267871392868
flat-ab,packing,0,feedback,256,True,128,27.2720859375,3.185341483913362,24.08674445358664,23.849761140942572,0.8832013989977417
flat-ab,packing,0,eval,4096,False,128,291.48808593750005,4.9048867367673665,286.5831992007327,286.98113259530066,0.9831729426573577
flat-ab,packing,0,eval,4096,True,128,298.03698437500003,4.8507390602026135,293.1862453147974,293.06608062720295,0.9837243720930311
flat-ab,packing,0,generate,4096,False,128,574.558671875,39.234699215739965,535.32397265926,534.1701632072926,0.9317133286184639
flat-ab,packing,0,generate,4096,True,128,568.9586015625,39.26063800463453,529.6979635578655,527.4116447319984,0.9309956156795676
flat-ab,packing,0,feedback,4096,True,128,44.7943828125,5.300225893734023,39.494156918765974,39.06504242837429,0.8816765504746505
flat-ab,packing,0,eval,32768,False,32,2236.511125,33.492353395558894,2203.018771604441,2174.7358617321256,0.9850247320385859
flat-ab,packing,0,eval,32768,True,32,2331.65865625,34.945711377076805,2296.7129448729233,2243.9364998271462,0.9850125097499134
flat-ab,packing,0,generate,32768,False,32,4779.06834375,251.24778039753437,4527.820563352466,4492.332315267801,0.9474274560801975
flat-ab,packing,0,generate,32768,True,32,4711.7925625,254.68762032687664,4457.104942173123,4429.477984159947,0.9459467671913503
flat-ab,packing,0,feedback,32768,True,32,195.123375,19.311279174871743,175.81209582512827,175.73550765442846,0.9010304163974626
flat-ab,packing,0,eval,131072,False,32,9614.4194375,152.153181261383,9462.266256238618,9450.621501114489,0.9841744806069178
flat-ab,packing,0,eval,131072,True,32,10294.9775625,154.02439748868346,10140.953165011317,9707.582919502736,0.9850388797300806
flat-ab,packing,0,generate,131072,False,32,20238.78815625,955.567360506393,19283.220795743608,19173.333726563094,0.9527853469719084
flat-ab,packing,0,generate,131072,True,32,25208.688312500002,961.546174949035,24247.142137550967,26241.037752459404,0.9618565566351883
flat-ab,packing,0,feedback,131072,True,32,707.60009375,61.98212213348597,645.6179716165141,624.0063172688484,0.9124051527395859
flat-ab,flat,0,eval,16,False,128,38.3191328125,1.7210841178894043,36.5980486946106,35.769981196522714,0.9550855149486062
flat-ab,flat,0,eval,16,True,128,38.2454609375,1.641859853407368,36.60360108409263,35.59951125216484,0.9570704650130779
flat-ab,flat,0,generate,16,False,128,45.690796875,8.461425750283524,37.22937112471647,36.253778505325315,0.8148111582857237
flat-ab,flat,0,generate,16,True,128,45.023546875,8.044295100262389,36.97925177473761,35.950029250979426,0.821331377499068
flat-ab,flat,0,feedback,16,True,128,25.7148984375,2.901007974287495,22.813890463212505,22.570087713003158,0.8871857113751241
flat-ab,flat,0,eval,256,False,128,53.552515625,2.0300140022300184,51.52250162276998,50.33961132824421,0.9620930225492088
flat-ab,flat,0,eval,256,True,128,54.291648437499994,1.9473627617117018,52.34428567578829,50.710473053336145,0.9641314489842119
flat-ab,flat,0,generate,256,False,128,55.320609375,10.547093552304432,44.773515822695565,43.75000435590744,0.8093460344804014
flat-ab,flat,0,generate,256,True,128,56.8782734375,11.269799870206043,45.608473567293956,44.349882610440254,0.801861076486618
flat-ab,flat,0,feedback,256,True,128,28.311304687499998,3.429406206123531,24.881898481376467,24.279927240014075,0.8788679559639764
flat-ab,flat,0,eval,4096,False,128,283.4819921875,4.947676643496379,278.5343155440036,277.5199986034632,0.9825467691781145
flat-ab,flat,0,eval,4096,True,128,294.5552109375,4.902445652987808,289.6527652845122,287.2411978039742,0.9833564456816619
flat-ab,flat,0,generate,4096,False,128,391.6022578125,38.817186577944085,352.7850712345559,351.7705038342476,0.9008759888291302
flat-ab,flat,0,generate,4096,True,128,395.20995312499997,38.883059460204095,356.3268936647959,355.15605456507205,0.9016141694996587
flat-ab,flat,0,feedback,4096,True,128,45.862437500000006,5.703634087694809,40.1588034123052,39.39941048812866,0.8756360455613637
flat-ab,flat,0,eval,32768,False,32,2225.093125,33.86000753380358,2191.2331174661963,2154.075909131527,0.9847826559916212
flat-ab,flat,0,eval,32768,True,32,2330.908125,36.91189340315759,2293.9962315968423,2248.761487115264,0.9841641577343776
flat-ab,flat,0,generate,32768,False,32,3040.06946875,245.58219593018293,2794.487272819817,2772.773078832388,0.919218228907394
flat-ab,flat,0,generate,32768,True,32,3115.4043749999996,242.42664221674204,2872.9777327832576,2850.1486444433926,0.9221845343217309
flat-ab,flat,0,feedback,32768,True,32,199.57643750000003,19.009181414730847,180.56725608526918,180.7456263540983,0.9047523763183174
flat-ab,flat,0,eval,131072,False,32,9516.44634375,150.54317191243172,9365.903171837568,9371.926030428649,0.9841807365402421
flat-ab,flat,0,eval,131072,True,32,12108.556468750001,151.39835886657238,11957.158109883429,9767.172182133674,0.9874965806818258
flat-ab,flat,0,generate,131072,False,32,13597.53775,939.9762493558228,12657.561500644177,12118.553486719487,0.9308715837648016
flat-ab,flat,0,generate,131072,True,32,17424.592531249997,934.0481919934973,16490.5443392565,16202.84558625984,0.9463948330316284
flat-ab,flat,0,feedback,131072,True,32,906.66984375,63.92765499185771,842.7421887581423,809.8071316577195,0.9294918040645843
flat-ab,flat,1,eval,16,False,128,42.679921875,1.6287194739561528,41.051202401043845,39.72537064003944,0.9618387428466643
flat-ab,flat,1,eval,16,True,128,42.522265625,1.5865007298998535,40.93576489510015,40.14954640519619,0.9626901175988349
flat-ab,flat,1,generate,16,False,128,49.286718750000006,8.210598025470972,41.076120724529034,39.69525241553783,0.8334115511499541
flat-ab,flat,1,generate,16,True,128,50.452265625,8.731629350222647,41.720636274777355,40.265107943296435,0.8269328593660624
flat-ab,flat,1,feedback,16,True,128,28.543875,3.1781819416210055,25.365693058378994,25.125138750076296,0.8886562549191024
flat-ab,flat,1,eval,256,False,128,65.0713671875,2.036187652265653,63.03517953523434,61.384496488690374,0.9687083929495676
flat-ab,flat,1,eval,256,True,128,70.383296875,2.356777258682996,68.026519616317,66.62065239298343,0.9665151056667804
flat-ab,flat,1,generate,256,False,128,62.27706249999999,10.83885581465438,51.43820668534562,50.12019031584263,0.8259574973586081
flat-ab,flat,1,generate,256,True,128,66.0973359375,12.01343911816366,54.08389681933634,53.53043967592716,0.8182462432446101
flat-ab,flat,1,feedback,256,True,128,32.092679687499995,3.509700036374852,28.58297965112515,27.839220890522004,0.8906386107190087
flat-ab,flat,1,eval,4096,False,128,411.73645312499997,5.019781383452937,406.71667174154703,405.85603071069715,0.9878082658327827
flat-ab,flat,1,eval,4096,True,128,433.84632812499996,5.344092642189935,428.50223548281,425.7808666632176,0.9876820609147804
flat-ab,flat,1,generate,4096,False,128,496.932890625,38.47052721539512,458.4623634096049,457.05640170657637,0.9225840592539364
flat-ab,flat,1,generate,4096,True,128,501.11920312499996,40.04277434432879,461.0764287806712,457.8266493006945,0.9200933149346097
flat-ab,flat,1,feedback,4096,True,128,51.5729375,5.083471478428692,46.48946602157131,45.98454161405563,0.9014314149076986
flat-ab,flat,1,eval,32768,False,32,3235.4978125,36.920144339092076,3198.5776681609077,3135.8441628804208,0.9885890374592574
flat-ab,flat,1,eval,32768,True,32,3294.9949374999997,44.945161789655685,3250.049775710344,3284.059880851507,0.9863595657528516
flat-ab,flat,1,generate,32768,False,32,3945.7885625,244.2398836137727,3701.548678886227,3676.6052317444087,0.938101122311778
flat-ab,flat,1,generate,32768,True,32,3954.0641875,243.48510487470776,3710.5790826252924,3700.734726890087,0.9384215598612592
flat-ab,flat,1,feedback,32768,True,32,251.1889375,19.758837879635394,231.43009962036462,226.39078654146192,0.9213387417603317
flat-ab,flat,1,eval,131072,False,32,14092.9288125,143.0843403795734,13949.844472120427,13305.868113605857,0.9898470827261497
flat-ab,flat,1,eval,131072,True,32,13357.6595625,141.95882249623537,13215.700740003766,13667.108458040713,0.9893724778781781
flat-ab,flat,1,generate,131072,False,32,12938.82965625,937.53234250471,12001.29731374529,11927.113499138713,0.9275411789618977
flat-ab,flat,1,generate,131072,True,32,12942.462718750001,936.2159908050671,12006.246727944934,11884.357919884802,0.9276632267637324
flat-ab,flat,1,feedback,131072,True,32,805.4778749999999,68.7924912199378,736.6853837800621,730.8218987213373,0.9145941889217779
flat-ab,packing,1,eval,16,False,128,39.333265625,1.7547790776006877,37.578486547399315,36.5056328177452,0.9553868958064504
flat-ab,packing,1,eval,16,True,128,42.5400234375,1.7377096810378134,40.80231375646218,36.29993432581425,0.9591511818607513
flat-ab,packing,1,generate,16,False,128,45.7884375,8.561426511732861,37.22701098826714,35.94999972403049,0.813022086378622
flat-ab,packing,1,generate,16,True,128,46.775156249999995,8.73992030392401,38.035235946075986,37.17493756115437,0.8131503771529569
flat-ab,packing,1,feedback,16,True,128,26.85628125,3.246143023716286,23.610138226283713,23.024375980496405,0.8791290948475494
flat-ab,packing,1,eval,256,False,128,53.4105,1.8830614862963557,51.52743851370364,50.420101947784424,0.9647436087230722
flat-ab,packing,1,eval,256,True,128,53.4438203125,1.840508048189804,51.6033122643102,50.43991598784923,0.9655618172984665
flat-ab,packing,1,generate,256,False,128,59.211210937500006,10.809202649397776,48.40200828810223,47.32623647797108,0.8174466882495047
flat-ab,packing,1,generate,256,True,128,59.8591171875,10.917719919234514,48.94139726826548,47.61564701962471,0.817609740467165
flat-ab,packing,1,feedback,256,True,128,27.3821875,3.280572855146602,24.1016146448534,23.72014477849007,0.8801931783154067
flat-ab,packing,1,eval,4096,False,128,292.8115703125,5.077799869468436,287.7337704430316,287.52610253965855,0.9826584726004877
flat-ab,packing,1,eval,4096,True,128,296.2124453125,5.0454254960641265,291.16701981643587,288.55560682272915,0.9829668686245061
flat-ab,packing,1,generate,4096,False,128,562.9424765624999,39.04377808794379,523.8986984745561,522.6669328196049,0.9306433965929217
flat-ab,packing,1,generate,4096,True,128,569.741578125,39.91224002675153,529.8293380982485,528.7415595457553,0.9299467661143823
flat-ab,packing,1,feedback,4096,True,128,45.2452265625,5.32867488800548,39.91655167449452,39.3695181787014,0.8822268050609791
flat-ab,packing,1,eval,32768,False,32,2286.5683437499997,34.06677569728345,2252.5015680527163,2200.322015584826,0.98510135251789
flat-ab,packing,1,eval,32768,True,32,2323.16703125,36.784083931706846,2286.382947318293,2252.8720580132003,0.9841664058430122
flat-ab,packing,1,generate,32768,False,32,4715.09884375,247.80826061032712,4467.290583139673,4442.802514205932,0.9474436764058924
flat-ab,packing,1,generate,32768,True,32,4615.21671875,248.79505508579314,4366.421663664207,4345.4565438592435,0.946092443703667
flat-ab,packing,1,feedback,32768,True,32,195.02809375,18.802675185725093,176.22541856427492,174.99481659710406,0.9035899145390427
flat-ab,packing,1,eval,131072,False,32,9627.021625,145.86349425371736,9481.158130746282,9486.881905543923,0.9848485336446186
flat-ab,packing,1,eval,131072,True,32,10291.4344375,149.47577437851578,10141.958663121484,9695.386562060714,0.9854757103797062
flat-ab,packing,1,generate,131072,False,32,20003.8620625,938.0531846545637,19065.808877845437,18981.698415379284,0.9531063960687335
flat-ab,packing,1,generate,131072,True,32,20165.484593750003,945.2057856833562,19220.278808066647,19123.964220504404,0.9531275441812934
flat-ab,packing,1,feedback,131072,True,32,739.273875,63.41611151583493,675.857763484165,642.9717943621873,0.9142183787898159
flat-ab,packing,2,eval,16,False,128,37.7350859375,1.7030579329002649,36.03202800459974,35.08005150258541,0.9548680520902745
flat-ab,packing,2,eval,16,True,128,37.9881796875,1.7226739146281034,36.2655057728719,35.27985382497311,0.9546523700582855
flat-ab,packing,2,generate,16,False,128,46.3680625,8.513747161487117,37.85431533851288,36.78975517570972,0.8163876879374221
flat-ab,packing,2,generate,16,True,128,47.975890625,8.877548680175096,39.0983419448249,38.07999667823315,0.8149581265814156
flat-ab,packing,2,feedback,16,True,128,27.0836015625,3.150122211081907,23.933479351418093,23.58484826207161,0.8836889472099024
flat-ab,packing,2,eval,256,False,128,53.8127578125,1.9653998606372625,51.84735795186274,50.89440427017212,0.9634770649093044
flat-ab,packing,2,eval,256,True,128,53.75328125,2.04911339096725,51.70416785903275,50.52497967362404,0.9618792873045819
flat-ab,packing,2,generate,256,False,128,59.8882578125,11.048487067455426,48.839770745044575,47.47995953679085,0.8155149695279771
flat-ab,packing,2,generate,256,True,128,59.287234375000004,10.83657843992114,48.45065593507886,47.23993252694607,0.8172190260827774
flat-ab,packing,2,feedback,256,True,128,27.547375000000002,3.144807124044746,24.402567875955256,23.954993971586227,0.8858400437775016
flat-ab,packing,2,eval,4096,False,128,289.45278125,4.938890924677253,284.51389032532273,282.7402774904966,0.9829371446930008
flat-ab,packing,2,eval,4096,True,128,302.7603359375,5.046702426625416,297.71363351087456,297.4158455650806,0.9833310317515725
flat-ab,packing,2,generate,4096,False,128,567.134375,39.57150693167932,527.5628680683207,526.8822155667543,0.9302255185436796
flat-ab,packing,2,generate,4096,True,128,567.849140625,38.959300582064316,528.8898400429357,528.4069944537878,0.9313914598176833
flat-ab,packing,2,feedback,4096,True,128,46.0940625,5.498557584360242,40.59550491563976,39.95029207408429,0.880710067932063
flat-ab,packing,2,eval,32768,False,32,2293.0345625,34.41445005591959,2258.6201124440804,2236.6367975808384,0.9849917438582352
flat-ab,packing,2,eval,32768,True,32,2779.0036875,33.65510201547295,2745.348585484527,2268.286096614361,0.9878895079676022
flat-ab,packing,2,generate,32768,False,32,6364.44159375,249.26911282818764,6115.172480921812,6085.392518318772,0.960834095315923
flat-ab,packing,2,generate,32768,True,32,5874.06875,251.71560992021114,5622.353140079789,5525.591065718174,0.9571479973025152
flat-ab,packing,2,feedback,32768,True,32,195.365875,19.501851056702435,175.86402394329755,174.0405713402033,0.900177801999953
flat-ab,packing,2,eval,131072,False,32,10253.149374999999,148.25236576143652,10104.897009238563,9494.991507924318,0.9855407972380743
flat-ab,packing,2,eval,131072,True,32,9842.95075,144.8923721909523,9698.058377809048,9699.212262234807,0.9852795796838715
flat-ab,packing,2,generate,131072,False,32,20047.8308125,936.1407428514212,19111.69006964858,19017.26793318856,0.9533046367157224
flat-ab,packing,2,generate,131072,True,32,26196.06778125,955.6602308293805,25240.40755042062,26141.10801088667,0.9635189434227452
flat-ab,packing,2,feedback,131072,True,32,904.3975,62.58743815124035,841.8100618487597,804.3122263933419,0.9307965378594696
flat-ab,flat,2,eval,16,False,128,42.257062499999996,1.637850800761953,40.61921169923804,39.285011252164836,0.9612407795557972
flat-ab,flat,2,eval,16,True,128,42.235765625,1.523130777059123,40.712634847940876,39.495407315969466,0.963937417624139
flat-ab,flat,2,generate,16,False,128,48.8585703125,8.236947905970737,40.62162240652926,39.314901413917546,0.831412424610726
flat-ab,flat,2,generate,16,True,128,49.43809375,8.25414463179186,41.18394911820814,39.639843819737436,0.8330407989933499
flat-ab,flat,2,feedback,16,True,128,28.6266171875,3.0824194254819304,25.54419776201807,25.17495881855488,0.8923233085735366
flat-ab,flat,2,eval,256,False,128,65.28214843750001,1.998065272346139,63.284083165153866,62.164892552495004,0.9693933897678161
flat-ab,flat,2,eval,256,True,128,66.7788203125,1.8841128621716052,64.8947074503284,63.32529371368885,0.9717857719954521
flat-ab,flat,2,generate,256,False,128,60.699539062499994,10.638006642693654,50.06153241980634,48.68923046052456,0.8247432055169298
flat-ab,flat,2,generate,256,True,128,62.3491484375,10.919793567154557,51.42935487034544,49.930680649757385,0.8248605820478724
flat-ab,flat,2,feedback,256,True,128,30.1553828125,3.356908564455807,26.798474248044194,26.45457365810871,0.8886796236238028
flat-ab,flat,2,eval,4096,False,128,415.06187500000004,4.8233705456368625,410.2385044543632,409.9060908219815,0.9883791529982443
flat-ab,flat,2,eval,4096,True,128,430.8047578125,5.170801159692928,425.63395665280706,423.7965740069151,0.9879973443516531
flat-ab,flat,2,generate,4096,False,128,494.7390078125,39.381706301355734,455.35730151114427,454.55653377318384,0.920399027205308
flat-ab,flat,2,generate,4096,True,128,496.8588203125,39.595310227014124,457.26351008548585,455.4110662827492,0.9203087303509866
flat-ab,flat,2,feedback,4096,True,128,51.72484375,5.278485332382843,46.446358417617155,45.93985494554043,0.8979506761219971
flat-ab,flat,2,eval,32768,False,32,3222.41771875,34.80039595160633,3187.6173227983936,3157.3483332625624,0.9892005323366004
flat-ab,flat,2,eval,32768,True,32,3328.58771875,33.99352135602385,3294.594197393976,3246.0888755013943,0.9897874040799532
flat-ab,flat,2,generate,32768,False,32,3594.766,242.51245486084372,3352.2535451391564,3620.490069505453,0.9325373460022589
flat-ab,flat,2,generate,32768,True,32,3086.14359375,241.15870473906398,2844.984889010936,2808.9332092400787,0.9218575878233748
flat-ab,flat,2,feedback,32768,True,32,193.06740625,19.425046048127115,173.6423602018729,172.26557796049116,0.8993872325452287
flat-ab,flat,2,eval,131072,False,32,9580.71346875,146.5366658521816,9434.176802897819,9447.326606975914,0.9847050361823105
flat-ab,flat,2,eval,131072,True,32,10566.19,155.50950774922967,10410.68049225077,9814.461721380234,0.9852823479656121
flat-ab,flat,2,generate,131072,False,32,13201.3506875,935.5470392620191,12265.803648237981,12124.64912076485,0.9291324758043233
flat-ab,flat,2,generate,131072,True,32,13304.13984375,936.4665165776387,12367.67332717236,12272.938977083682,0.929610893483086
flat-ab,flat,2,feedback,131072,True,32,722.81890625,63.201034208759665,659.6178720412404,648.0520202965736,0.9125631141323517
python-pack-ab,flat,0,eval,16,False,128,38.0389921875,1.7162819858640432,36.32271020163596,35.4455397849083,0.9548809816673316
python-pack-ab,flat,0,eval,16,True,128,38.16715625,1.6542799130547792,36.51287633694522,34.99018039703369,0.9566569774751091
python-pack-ab,flat,0,generate,16,False,128,47.395773437500004,8.425948180956766,38.96982525654324,37.625521107792856,0.8222215280004256
python-pack-ab,flat,0,generate,16,True,128,46.5490234375,8.802599040791392,37.746424396708605,36.79557512748241,0.8108961608483498
python-pack-ab,flat,0,feedback,16,True,128,26.84753125,3.1693271012045443,23.678204148795455,23.340156496167186,0.881950892553499
python-pack-ab,flat,0,eval,256,False,128,103.244984375,2.1092710085213184,101.13571336647868,64.54025703775882,0.9795702326724158
python-pack-ab,flat,0,eval,256,True,128,67.6464765625,2.147648046957329,65.49882851554267,64.21052583575249,0.9682518860391336
python-pack-ab,flat,0,generate,256,False,128,60.0291328125,10.109200957231224,49.91993185526878,47.960065990090364,0.8315950858592753
python-pack-ab,flat,0,generate,256,True,128,60.5078671875,10.74653846444562,49.761328723054376,48.21028172004223,0.8223943602053504
python-pack-ab,flat,0,feedback,256,True,128,30.6798515625,3.3802825782913715,27.29956898420863,26.91994048058987,0.8898207648949941
python-pack-ab,flat,0,eval,4096,False,128,417.3855625,5.23903509019874,412.14652740980125,411.2712283883095,0.9874479724243007
python-pack-ab,flat,0,eval,4096,True,128,433.25393749999995,5.318994226399809,427.93494327360014,426.8205833873749,0.9877231485601909
python-pack-ab,flat,0,generate,4096,False,128,510.64278125,39.163198380265385,471.4795828697346,469.28125992035865,0.9233060765406338
python-pack-ab,flat,0,generate,4096,True,128,509.01134375,38.70522414217703,470.30611960782295,466.6309801558256,0.9239599969285026
python-pack-ab,flat,0,feedback,4096,True,128,54.5215546875,5.415302439359948,49.10625224814005,48.27995735883713,0.9006759350425952
python-pack-ab,flat,0,eval,32768,False,32,3285.86934375,46.51573544833809,3239.353608301662,3209.3844810539485,0.9858437050953304
python-pack-ab,flat,0,eval,32768,True,32,3405.50225,39.45379285141826,3366.0484571485817,3332.403977449179,0.9884146918853399
python-pack-ab,flat,0,generate,32768,False,32,3976.5897187499995,244.62502915412188,3731.964689595878,3703.7610472538468,0.9384837143241881
python-pack-ab,flat,0,generate,32768,True,32,3931.08553125,245.49268709961325,3685.592844150387,3654.1900255844594,0.9375509168782824
python-pack-ab,flat,0,feedback,32768,True,32,253.209125,19.034225260838866,234.17489973916113,232.59988028287887,0.9248280437727555
python-pack-ab,flat,0,eval,131072,False,32,14125.12984375,140.26573626324534,13984.864107486756,13441.857927985073,0.9900697736718286
python-pack-ab,flat,0,eval,131072,True,32,14078.79878125,138.85635416954756,13939.942427080452,13930.05452675104,0.9901372015946079
python-pack-ab,flat,0,generate,131072,False,32,17076.876093749997,941.9936686754227,16134.882425074577,16064.641460278272,0.9448380568258509
python-pack-ab,flat,0,generate,131072,True,32,17153.1325625,954.4162167003378,16198.716345799661,16092.486342163444,0.9443590718358422
python-pack-ab,flat,0,feedback,131072,True,32,920.2991875,64.26752952393144,856.0316579760686,833.6730985562801,0.9301666997028274
python-pack-ab,python-pack,0,eval,16,False,128,42.5315078125,1.7232887330465019,40.8082190794535,39.37601634955406,0.9594820681965094
python-pack-ab,python-pack,0,eval,16,True,128,41.518859375,1.6647572920192033,39.854102082980795,38.55421392142773,0.9599035879819566
python-pack-ab,python-pack,0,generate,16,False,128,49.890765625,8.634437108412385,41.256328516587615,39.78006921577454,0.826933160871644
python-pack-ab,python-pack,0,generate,16,True,128,51.152249999999995,8.987612091004848,42.16463790899515,40.90996304810047,0.8242968375583704
python-pack-ab,python-pack,0,feedback,16,True,128,28.41103125,3.1970157579053193,25.21401549209468,24.779893609881398,0.88747273093421
python-pack-ab,python-pack,0,eval,256,False,128,65.21425781250001,2.0547740859910846,63.15948372650892,61.790275375723844,0.9684919501514708
python-pack-ab,python-pack,0,eval,256,True,128,66.3773359375,1.9243125279899687,64.45302340951004,62.45975346326828,0.9710094944183678
python-pack-ab,python-pack,0,generate,256,False,128,65.092203125,11.44696943811141,53.64523368688859,51.5700976318121,0.8241422338074933
python-pack-ab,python-pack,0,generate,256,True,128,64.0916640625,11.229432857362553,52.86223120513744,51.91516588628292,0.8247910547865944
python-pack-ab,python-pack,0,feedback,256,True,128,30.776609375000003,3.3951619116123766,27.381447463387623,26.91450416636467,0.8896836922403061
python-pack-ab,python-pack,0,eval,4096,False,128,418.7387578125,5.020559910917655,413.71819790158236,414.11603223359583,0.988010281309652
python-pack-ab,python-pack,0,eval,4096,True,128,476.960640625,5.385551048675552,471.57508957632444,294.4954626361132,0.9887086048827458
python-pack-ab,python-pack,0,generate,4096,False,128,397.0373359375,38.66796032525599,358.369375612244,352.32004759597777,0.9026087553354354
python-pack-ab,python-pack,0,generate,4096,True,128,396.102796875,39.38192458008416,356.72087229491586,349.41542843079566,0.9005765046579257
python-pack-ab,python-pack,0,feedback,4096,True,128,45.5974375,5.52572964807041,40.07170785192959,39.65499913215638,0.8788149082265772
python-pack-ab,python-pack,0,eval,32768,False,32,2255.4214374999997,34.33693200349808,2221.0845054965016,2181.486217365623,0.9847758244057667
python-pack-ab,python-pack,0,eval,32768,True,32,2359.65296875,38.17150718532503,2321.481461564675,2294.7118537153005,0.9838232538043312
python-pack-ab,python-pack,0,generate,32768,False,32,2903.3735,238.48435375839472,2664.8891462416054,2643.9081144838333,0.9178595679273112
python-pack-ab,python-pack,0,generate,32768,True,32,2884.2103125000003,236.0547659918666,2648.1555465081337,2631.8029050253626,0.9181561882055483
python-pack-ab,python-pack,0,feedback,32768,True,32,200.85896875,19.31673614308238,181.54223260691762,180.2202007633448,0.9038293571688848
python-pack-ab,python-pack,0,eval,131072,False,32,9765.876312499999,142.95305300038308,9622.923259499616,9636.477333186269,0.9853619840733179
python-pack-ab,python-pack,0,eval,131072,True,32,10409.48053125,141.09248877502978,10268.38804247497,9825.707396396876,0.9864457704348012
python-pack-ab,python-pack,0,generate,131072,False,32,12236.9694375,910.2953627007082,11326.674074799292,11233.00752838266,0.9256110455002754
python-pack-ab,python-pack,0,generate,131072,True,32,12249.7943125,911.4550630329177,11338.339249467082,11246.866833930731,0.9255942557253516
python-pack-ab,python-pack,0,feedback,131072,True,32,733.150875,61.624697991646826,671.5261770083532,638.052073006153,0.9159454075647843
python-pack-ab,python-pack,1,eval,16,False,128,37.1761953125,1.5348705346696079,35.64132477783039,34.700482719421395,0.958713619783638
python-pack-ab,python-pack,1,eval,16,True,128,37.923460937499996,1.6136000340338796,36.30986090346612,35.22022064745426,0.9574511398974587
python-pack-ab,python-pack,1,generate,16,False,128,46.8038671875,8.526083547621965,38.27778363987804,37.00019535005092,0.8178337804125074
python-pack-ab,python-pack,1,generate,16,True,128,48.1778515625,8.920789696276188,39.257061866223815,37.735771990776065,0.8148362908067112
python-pack-ab,python-pack,1,feedback,16,True,128,27.2669375,3.137738531222567,24.129198968777434,23.130750237584113,0.884925157758455
python-pack-ab,python-pack,1,eval,256,False,128,54.462500000000006,1.944790710695088,52.51770928930492,50.42997305333615,0.9642911964985983
python-pack-ab,python-pack,1,eval,256,True,128,54.51234375,2.1100349840708077,52.40230876592919,51.005531641721724,0.9612925286473156
python-pack-ab,python-pack,1,generate,256,False,128,56.3044375,10.328069038223475,45.976368461776524,44.59504103183746,0.8165674057533481
python-pack-ab,python-pack,1,generate,256,True,128,58.472765625,10.700026905396953,47.77273871960305,45.86988717913628,0.8170083663560773
python-pack-ab,python-pack,1,feedback,256,True,128,28.2538515625,3.2839416235219687,24.96990993897803,24.5648299241066,0.8837701254196229
python-pack-ab,python-pack,1,eval,4096,False,128,289.74865625,5.021011020289734,284.7276452297103,284.635399764657,0.9826711499363865
python-pack-ab,python-pack,1,eval,4096,True,128,297.6298359375,5.0621674745343626,292.5676684629656,292.31543258047105,0.9829917338139534
python-pack-ab,python-pack,1,generate,4096,False,128,403.0957421875,39.050504710758105,364.0452374767419,357.2157893415689,0.9031234998939935
python-pack-ab,python-pack,1,generate,4096,True,128,403.16418749999997,39.180034946184605,363.98415255381536,357.08562101101876,0.9028186625673824
python-pack-ab,python-pack,1,feedback,4096,True,128,43.723078125,5.12939368491061,38.59368444008939,38.044891621470455,0.8826845248578754
python-pack-ab,python-pack,1,eval,32768,False,32,2258.744875,32.65991108492017,2226.0849639150797,2183.3667274972204,0.9855406817093851
python-pack-ab,python-pack,1,eval,32768,True,32,2271.9865,32.578493119217455,2239.4080068807825,2211.9465955569744,0.9856607893052105
python-pack-ab,python-pack,1,generate,32768,False,32,2993.22884375,238.31785074435174,2754.9109930056484,2733.6275582532885,0.9203810122162993
python-pack-ab,python-pack,1,generate,32768,True,32,2926.9386875,232.28679492603987,2694.65189257396,2664.5373498425483,0.9206383119953756
python-pack-ab,python-pack,1,feedback,32768,True,32,198.35646875,20.058563677594066,178.29790507240594,178.33530114567282,0.898876180827382
python-pack-ab,python-pack,1,eval,131072,False,32,9740.1615,138.59830505680293,9601.563194943197,9622.683184061527,0.9857704304947302
python-pack-ab,python-pack,1,eval,131072,True,32,10422.3265625,141.67194603942335,10280.654616460577,9812.368379305839,0.9864068790025093
python-pack-ab,python-pack,1,generate,131072,False,32,12549.1910625,917.8933541988954,11631.297708301105,11541.177807798387,0.9268563726835125
python-pack-ab,python-pack,1,generate,131072,True,32,12686.04740625,921.4466263074428,11764.600779942557,11652.092827034476,0.9273653489696502
python-pack-ab,python-pack,1,feedback,131072,True,32,743.2113750000001,63.246130594052374,679.9652444059477,647.5319899882078,0.914901557320685
python-pack-ab,flat,1,eval,16,False,128,38.12534375,1.6927697288338095,36.43257402116619,35.29483038961887,0.955599882851317
python-pack-ab,flat,1,eval,16,True,128,38.1354296875,1.6937156033236533,36.44171408417635,35.62015034139156,0.9555868226160614
python-pack-ab,flat,1,generate,16,False,128,46.5065625,8.722177881281823,37.78438461871818,36.48999462664127,0.8124527504847983
python-pack-ab,flat,1,generate,16,True,128,45.743742187500004,8.243616321124136,37.50012586637587,36.02371135079861,0.8197870150777301
python-pack-ab,flat,1,feedback,16,True,128,26.490609375,3.073710104217753,23.416899270782245,23.04018145442009,0.8839698226376587
python-pack-ab,flat,1,eval,256,False,128,53.3458828125,1.8977734725922346,51.44810933990777,50.29528199601174,0.9644251182558451
python-pack-ab,flat,1,eval,256,True,128,54.407351562500004,1.9487160898279399,52.458635472672064,50.91504406797886,0.9641828533486073
python-pack-ab,flat,1,generate,256,False,128,54.4930859375,10.206873412244022,44.286212525255976,43.33988870203495,0.8126941567605359
python-pack-ab,flat,1,generate,256,True,128,57.200320312500004,11.117208487121388,46.083111825378616,44.625123584270476,0.8056442966335637
python-pack-ab,flat,1,feedback,256,True,128,27.993984375,3.338343958603218,24.655640416396782,24.250126440525055,0.8807478094620742
python-pack-ab,flat,1,eval,4096,False,128,292.328390625,4.875459126196802,287.4529314988032,287.52086970901485,0.9833219786974059
python-pack-ab,flat,1,eval,4096,True,128,292.746140625,4.932528099743649,287.81361252525636,285.74079002249243,0.983150834749818
python-pack-ab,flat,1,generate,4096,False,128,401.4658203125,39.05358971678652,362.4122305957135,361.03096896684167,0.9027225040318817
python-pack-ab,flat,1,generate,4096,True,128,403.2854140625,39.68331657233648,363.60209749016354,362.6909200445414,0.9015999210767726
python-pack-ab,flat,1,feedback,4096,True,128,45.4293359375,5.333316948963329,40.09601898853667,39.624881955385206,0.8826019170453931
python-pack-ab,flat,1,eval,32768,False,32,2244.23734375,35.37538577802479,2208.8619579719752,2173.6663165106775,0.9842372350337445
python-pack-ab,flat,1,eval,32768,True,32,2354.60990625,33.77656685188413,2320.833339398116,2282.1318897361757,0.9856551326135897
python-pack-ab,flat,1,generate,32768,False,32,3058.6400625,245.99040625616908,2812.649656243831,2791.462504011154,0.919575235650609
python-pack-ab,flat,1,generate,32768,True,32,3041.7311250000002,243.04445832967758,2798.6866666703227,2768.9173428295853,0.9200966658978849
python-pack-ab,flat,1,feedback,32768,True,32,210.58553125,19.129744032397866,191.45578721760214,180.31530487942695,0.9091592669313654
python-pack-ab,flat,1,eval,131072,False,32,9720.34390625,150.78354044817388,9569.560365801826,9588.236195301413,0.9844878389177956
python-pack-ab,flat,1,eval,131072,True,32,10354.149156250001,154.47493933606893,10199.674216913932,9817.762457469462,0.985080865940315
python-pack-ab,flat,1,generate,131072,False,32,12992.537343749998,937.1013875352219,12055.435956214777,11986.540602067114,0.9278738738445105
python-pack-ab,flat,1,generate,131072,True,32,13327.87853125,934.5561702502891,12393.322360999711,12327.890317345142,0.9298796002635358
python-pack-ab,flat,1,feedback,131072,True,32,755.9305625,62.37259367480874,693.5579688251912,643.7009672614336,0.9174889906970671
python-pack-ab,flat,2,eval,16,False,128,38.6337421875,1.5954319678712636,37.038310219628734,36.254837009906765,0.958703664787941
python-pack-ab,flat,2,eval,16,True,128,38.08703125,1.5109071682672948,36.57612408173271,35.565140146613125,0.9603301407676059
python-pack-ab,flat,2,generate,16,False,128,45.99671875,8.39094354887493,37.60577520112507,36.0447882771492,0.8175751710794603
python-pack-ab,flat,2,generate,16,True,128,45.462171874999996,8.304432412842289,37.15773946215771,35.88991055130958,0.8173331349924142
python-pack-ab,flat,2,feedback,16,True,128,26.0354140625,2.9551338229794055,23.080280239520594,22.710023212909697,0.8864956087932621
python-pack-ab,flat,2,eval,256,False,128,54.3095546875,2.0274092094041407,52.282145478095856,51.17492108523846,0.9626693825594785
python-pack-ab,flat,2,eval,256,True,128,54.3089140625,2.247259544674307,52.061654517825694,51.21506017446518,0.9586207976449665
python-pack-ab,flat,2,generate,256,False,128,57.5241796875,11.313375580357388,46.210804107142614,44.86073771524429,0.8033283457179697
python-pack-ab,flat,2,generate,256,True,128,55.0209921875,10.500501957722008,44.52049022977799,43.19561491239071,0.8091546237127367
python-pack-ab,flat,2,feedback,256,True,128,26.9094296875,3.1313793442677706,23.77805034323223,23.359935383200646,0.8836326380516952
python-pack-ab,flat,2,eval,4096,False,128,396.4674140625,5.237932782620192,391.2294812798798,379.7960424283742,0.9867884910667728
python-pack-ab,flat,2,eval,4096,True,128,405.75617187499995,5.131369107402861,400.6248027675971,399.0813396533727,0.9873535648670708
python-pack-ab,flat,2,generate,4096,False,128,469.7938984375,38.61681034322828,431.1770880942717,428.9210226377249,0.9178005281216616
python-pack-ab,flat,2,generate,4096,True,128,469.2778125,38.66412225761451,430.6136902423855,428.9510093971491,0.9176093110994578
python-pack-ab,flat,2,feedback,4096,True,128,50.117578125,5.082489224150777,45.035088900849225,44.65498536288739,0.8985886905493645
python-pack-ab,flat,2,eval,32768,False,32,3130.79675,38.878730265423656,3091.9180197345763,3037.6534118381737,0.9875818415023512
python-pack-ab,flat,2,eval,32768,True,32,3177.95021875,34.33349775150418,3143.616720998496,3103.463662351727,0.9891963387126281
python-pack-ab,flat,2,generate,32768,False,32,3734.76690625,239.08820003271103,3495.678706217289,3463.485443656802,0.9359830998736212
python-pack-ab,flat,2,generate,32768,True,32,3736.2078125000003,238.20888600312173,3497.9989264968785,3465.4052488451002,0.9362431379737066
python-pack-ab,flat,2,feedback,32768,True,32,240.9604375,19.656858057715,221.303579442285,219.49612688279151,0.9184228819400487
python-pack-ab,flat,2,eval,131072,False,32,9654.5926875,138.58263264410198,9516.010054855898,9549.301998524548,0.9856459368996967
python-pack-ab,flat,2,eval,131072,True,32,10333.329375000001,136.1871400149539,10197.142234985047,9738.87748927045,0.9868205943048289
python-pack-ab,flat,2,generate,131072,False,32,13059.324125000001,934.378505917266,12124.945619082735,12046.089674777508,0.9284512355330437
python-pack-ab,flat,2,generate,131072,True,32,13085.570687500001,938.9193874085322,12146.65130009147,12048.088933960318,0.9282477310442842
python-pack-ab,flat,2,feedback,131072,True,32,733.79053125,62.13787128217518,671.6526599678248,641.7519043899775,0.9153193334665625
python-pack-ab,python-pack,2,eval,16,False,128,37.463375000000006,1.5912082744762301,35.872166725523776,34.98525580048562,0.9575262966970747
python-pack-ab,python-pack,2,eval,16,True,128,38.61846875,1.6925041563808918,36.925964593619106,35.92495266377926,0.9561737114089773
python-pack-ab,python-pack,2,generate,16,False,128,46.7105703125,8.567054464947432,38.14351584755257,37.250018061995505,0.8165928095582502
python-pack-ab,python-pack,2,generate,16,True,128,48.935828125,9.029212378663942,39.90661574633606,38.019891927719115,0.815488718090148
python-pack-ab,python-pack,2,feedback,16,True,128,26.657117187500003,3.1793606467545033,23.4777565407455,22.835109625458717,0.8807312649604375
python-pack-ab,python-pack,2,eval,256,False,128,53.6656640625,2.0767802197951823,51.58888384270482,50.494885932207104,0.9613015089615489
python-pack-ab,python-pack,2,eval,256,True,128,54.51028125,2.1757223294116557,52.33455892058834,50.85475703775883,0.9600860190129425
python-pack-ab,python-pack,2,generate,256,False,128,55.796046875,10.997740901075304,44.7983059739247,43.920098340392116,0.8028939052669167
python-pack-ab,python-pack,2,generate,256,True,128,57.482515625000005,11.055068171117455,46.42744745388255,45.05515569150448,0.8076794647743384
python-pack-ab,python-pack,2,feedback,256,True,128,27.31515625,3.118100721621886,24.197055528378115,23.850040842294693,0.8858472309993876
python-pack-ab,python-pack,2,eval,4096,False,128,293.743953125,5.161702574696392,288.5822505503036,287.46141077375415,0.9824278848303649
python-pack-ab,python-pack,2,eval,4096,True,128,294.7504140625,5.0612543418537825,289.6891597206462,287.6101962810755,0.982828677754527
python-pack-ab,python-pack,2,generate,4096,False,128,391.5250859375,37.80586848733947,353.71921745016056,346.7210601279736,0.9034394733690845
python-pack-ab,python-pack,2,generate,4096,True,128,393.21420312500004,38.775531720602885,354.43867140439716,348.06576718604566,0.9013882728232062
python-pack-ab,python-pack,2,feedback,4096,True,128,44.6914609375,5.327314283931628,39.36414665356837,39.030012372732166,0.8807979383045509
python-pack-ab,python-pack,2,eval,32768,False,32,2196.25121875,32.944168196991086,2163.307050553009,2124.1359885749816,0.9849998179098376
python-pack-ab,python-pack,2,eval,32768,True,32,2407.13971875,37.18954394571483,2369.9501748042853,2334.455475703836,0.984550317683667
python-pack-ab,python-pack,2,generate,32768,False,32,2925.8484062499997,241.3764304947108,2684.471975755289,2664.516614937067,0.9175020722266065
python-pack-ab,python-pack,2,generate,32768,True,32,2907.0283125,238.88943542260677,2668.1388770773933,2643.372523732066,0.9178234919847872
python-pack-ab,python-pack,2,feedback,32768,True,32,197.47775000000001,19.09452839754522,178.3832216024548,177.31482597756388,0.9033079504017784
python-pack-ab,python-pack,2,eval,131072,False,32,9838.54715625,157.90793986525387,9680.639216384747,9693.528125290632,0.9839500754168828
python-pack-ab,python-pack,2,eval,131072,True,32,11402.397156250001,154.23260629177094,11248.16454995823,9847.712990484475,0.9864736682841089
python-pack-ab,python-pack,2,generate,131072,False,32,16601.76378125,930.2845719503239,15671.479209299678,15562.948726047995,0.9439647145804481
python-pack-ab,python-pack,2,generate,131072,True,32,16592.75240625,925.562737393193,15667.189668856809,15571.774966778756,0.9442188544292048
python-pack-ab,python-pack,2,feedback,131072,True,32,924.9181874999999,62.540508224628866,862.3776792753711,832.1078678404092,0.9323826592774954
confirmation,legacy,0,eval,16,False,128,40.497859375,1.6431586118414998,38.8547007631585,37.440534687519076,0.9594260378894038
confirmation,legacy,0,eval,16,True,128,39.34659375,1.6050944395828992,37.7414993104171,36.52002296984195,0.9592062670079822
confirmation,legacy,0,generate,16,False,128,46.180328124999996,8.534116204828024,37.64621192017197,36.52519382715225,0.8152001826031195
confirmation,legacy,0,generate,16,True,128,45.690625000000004,8.347069524461403,37.3435554755386,35.90987306106091,0.8173132995125061
confirmation,legacy,0,feedback,16,True,128,25.47346875,2.8269860194996,22.6464827305004,22.329890035390854,0.889022337427069
confirmation,legacy,0,eval,256,False,128,68.86134375,1.8451974028721452,67.01614634712786,65.68057341504098,0.9732041621265611
confirmation,legacy,0,eval,256,True,128,69.4562890625,2.0608858903869987,67.395403172113,65.83514138388634,0.9703283040570665
confirmation,legacy,0,generate,256,False,128,58.580390625,10.828731319634244,47.751659305365756,46.49028600311279,0.8151475057762259
confirmation,legacy,0,generate,256,True,128,59.83678125,10.923205991275609,48.91357525872439,47.404897373914714,0.8174499736936367
confirmation,legacy,0,feedback,256,True,128,27.6522265625,3.4023432817775756,24.249883280722425,23.929806488752366,0.8769595181029077
confirmation,legacy,0,eval,4096,False,128,733.0440625,5.278056050883606,727.7660064491164,726.7221932352783,0.9927998106513773
confirmation,legacy,0,eval,4096,True,128,764.85096875,5.2308278100099415,759.62014093999,759.5668330330849,0.9931609842652632
confirmation,legacy,0,generate,4096,False,128,570.6124140625,38.84894249495119,531.7634715675488,530.5820120831728,0.9319171095168357
confirmation,legacy,0,generate,4096,True,128,571.1232734375,39.42753392038867,531.6957395171113,530.747093292594,0.930964932171157
confirmation,legacy,0,feedback,4096,True,128,45.999296875,5.665639037033543,40.333657837966456,39.74989877045155,0.8768320513152725
confirmation,legacy,0,eval,32768,False,32,6668.402906249999,46.937348088249564,6621.46555816175,6595.804600039243,0.9929612309351828
confirmation,legacy,0,eval,32768,True,32,7227.84509375,45.83635018207133,7182.008743567929,6787.099834392786,0.9936583657248401
confirmation,legacy,0,generate,32768,False,32,4619.5391875,247.88339214865118,4371.655795351348,4339.5636516020295,0.9463402339308219
confirmation,legacy,0,generate,32768,True,32,4629.54171875,246.32576969452202,4383.215949055478,4369.068322260142,0.946792623404411
confirmation,legacy,0,feedback,32768,True,32,202.688125,18.888473277911544,183.79965172208847,183.0250947755575,0.9068101632598775
confirmation,legacy,0,eval,131072,False,32,29092.32390625,143.65077367983758,28948.673132570162,28486.867203803064,0.9950622447989115
confirmation,legacy,0,eval,131072,True,32,30120.29121875,141.01759006734937,29979.27362868265,29892.58014417088,0.9953181863666855
confirmation,legacy,0,generate,131072,False,32,20087.1844375,947.6451232330874,19139.539314266913,19024.739404443026,0.9528233971176187
confirmation,legacy,0,generate,131072,True,32,20018.7000625,945.1531223021448,19073.546940197855,18924.30413005185,0.9527864886655327
confirmation,legacy,0,feedback,131072,True,32,754.2993125,62.6904220553115,691.6088904446885,655.7119115389585,0.9168891963489474
confirmation,native,0,eval,16,False,128,39.118460937500004,1.5533260011579841,37.56513493634202,36.68068121135235,0.9602917404230256
confirmation,native,0,eval,16,True,128,38.8356640625,1.5423102013301104,37.29335386116989,36.41988388061524,0.9602862410477132
confirmation,native,0,generate,16,False,128,44.7958359375,7.916871254565194,36.87896468293481,35.810024153590206,0.8232676968990832
confirmation,native,0,generate,16,True,128,46.50596875,8.787683327682316,37.718285422317685,36.73449381232262,0.8110418175584759
confirmation,native,0,feedback,16,True,128,26.98925,3.232391463825479,23.75685853617452,23.31996901333332,0.8802341130700009
confirmation,native,0,eval,256,False,128,69.6565859375,2.8539870982058346,66.80259883929416,65.07565239298344,0.95902774935357
confirmation,native,0,eval,256,True,128,69.5451796875,1.9620019884314388,67.58317769906856,66.00663129484653,0.971788095203037
confirmation,native,0,generate,256,False,128,58.5346796875,10.886491509154439,47.64818817834556,46.365576713562014,0.8140163819589631
confirmation,native,0,generate,256,True,128,60.0846953125,11.27354335039854,48.81115196210146,47.789964634180066,0.8123724637070233
confirmation,native,0,feedback,256,True,128,27.7595546875,3.3418837119825184,24.41767097551748,23.99049836039543,0.8796132088715618
confirmation,native,0,eval,4096,False,128,733.864875,5.3617695812135935,728.5031054187864,727.7269670249223,0.9926937917812001
confirmation,native,0,eval,4096,True,128,760.7079453125001,5.238543963059783,755.4694013494403,754.5078155094386,0.99311359373155
confirmation,native,0,generate,4096,False,128,571.6388281249999,39.07459904439747,532.5642290806024,532.2065267409087,0.9316446029872326
confirmation,native,0,generate,4096,True,128,573.276640625,39.03734977939166,534.2392908456084,533.8264803988933,0.9319048657959755
confirmation,native,0,feedback,4096,True,128,44.594820312500005,5.334641173249111,39.260179139250894,38.805024090409276,0.8803753185713857
confirmation,native,0,eval,32768,False,32,6539.395906250001,43.77240838948637,6495.623497860514,6449.207450871944,0.9933063529082784
confirmation,native,0,eval,32768,True,32,6791.8831875000005,45.5598346889019,6746.323352811099,6711.398980282187,0.9932920173343452
confirmation,native,0,generate,32768,False,32,5242.8330625,254.26980573683977,4988.56325676316,4357.226972409367,0.951501449177252
confirmation,native,0,generate,32768,True,32,6383.08415625,252.04986741300672,6131.034288836993,6110.967148979187,0.9605128396801392
confirmation,native,0,feedback,32768,True,32,253.60753124999997,18.970691598951817,234.63683965104818,233.06552446949482,0.9251966552197893
confirmation,native,0,eval,131072,False,32,29251.76815625,136.84997975360602,29114.918176496394,28702.092527186276,0.9953216510187483
confirmation,native,0,eval,131072,True,32,33805.11075,138.91904382035136,33666.19170617965,33228.326084847686,0.9958905904835602
confirmation,native,0,generate,131072,False,32,27040.4126875,955.9916943544522,26084.420993145548,26494.21111284411,0.9646458171551361
confirmation,native,0,generate,131072,True,32,26933.95375,977.2365592652932,25956.717190734707,26168.149991783976,0.963717300165584
confirmation,native,0,feedback,131072,True,32,904.4463125,61.64575461298227,842.8005578870177,809.2379527835847,0.9318414440293467
confirmation,python-pack,0,eval,16,False,128,42.008624999999995,1.5773366612847894,40.431288338715206,39.054860445261006,0.9624520759419098
confirmation,python-pack,0,eval,16,True,128,41.339390625,1.553675247123465,39.785715377876535,38.80022726774216,0.962416590481044
confirmation,python-pack,0,generate,16,False,128,49.047921875,8.153663657139987,40.89425821786001,39.74464256763458,0.833761281916901
confirmation,python-pack,0,generate,16,True,128,51.355421875,8.624258043710142,42.731163831289855,41.315494626641275,0.8320672340166587
confirmation,python-pack,0,feedback,16,True,128,29.42159375,3.1254567147698253,26.296137035230174,25.949843164682385,0.8937699724451594
confirmation,python-pack,0,eval,256,False,128,66.7300625,1.9809995137620717,64.74906298623793,63.67484486746787,0.9703132375492369
confirmation,python-pack,0,eval,256,True,128,68.07285156249999,1.8936807464342564,66.17917081606574,63.75504183650017,0.9721815569207409
confirmation,python-pack,0,generate,256,False,128,61.67739843750001,10.67292396328412,51.00447447421588,49.404979397654536,0.8269556720343937
confirmation,python-pack,0,generate,256,True,128,61.7258359375,10.809570085257292,50.91626585224271,49.56497430026531,0.8248777044315376
confirmation,python-pack,0,feedback,256,True,128,31.1376484375,3.4137228794861585,27.723925558013843,27.364381892204282,0.8903667087661343
confirmation,python-pack,0,eval,4096,False,128,414.74055468750004,5.085144948679954,409.6554097388201,408.6911112115383,0.9877389734589338
confirmation,python-pack,0,eval,4096,True,128,423.903390625,5.207512003835291,418.6958786211647,418.09595080173017,0.987715332976796
confirmation,python-pack,0,generate,4096,False,128,494.01118750000006,38.83944737026468,455.1717401297353,447.81592586016654,0.9213794174038523
confirmation,python-pack,0,generate,4096,True,128,496.79053906250005,38.94419933203608,457.8463397304639,449.8526297254562,0.9216084118559741
confirmation,python-pack,0,feedback,4096,True,128,53.801382812499995,5.276353476801887,48.52502933569811,48.11553071069717,0.9019290360028441
confirmation,python-pack,0,eval,32768,False,32,3150.0543125,39.937556721270084,3110.11675577873,3077.574356115699,0.987321629165951
confirmation,python-pack,0,eval,32768,True,32,3134.6200624999997,36.91832534968853,3097.701737150311,3078.0390094932322,0.9882223923111612
confirmation,python-pack,0,generate,32768,False,32,3859.96059375,240.88584177661687,3619.074751973383,3602.8106321970226,0.9375937044106989
confirmation,python-pack,0,generate,32768,True,32,3797.06709375,242.4604317639023,3554.6066619860976,3521.3959471145868,0.9361453390794716
confirmation,python-pack,0,feedback,32768,True,32,247.45909375000002,19.270271877758205,228.18882187224182,225.06086551940442,0.9221274450425881
confirmation,python-pack,0,eval,131072,False,32,14379.881187500001,137.64768664259464,14242.233500857406,14075.56076057589,0.9904277591137368
confirmation,python-pack,0,eval,131072,True,32,14499.89175,136.51337940245867,14363.378370597542,14649.287665131687,0.9905852138928928
confirmation,python-pack,0,generate,131072,False,32,16201.44015625,926.4665422961116,15274.973613953889,15535.769969462155,0.94281579085803
confirmation,python-pack,0,generate,131072,True,32,16017.734906250002,928.1564562115818,15089.57845003842,15426.234190196037,0.9420544501676438
confirmation,python-pack,0,feedback,131072,True,32,922.5001875,63.56704398058355,858.9331435194165,833.1519192166328,0.931092649256959
confirmation,python-pack,1,eval,16,False,128,43.09778125,1.6454869182780385,41.45229433172196,40.61984210729599,0.9618196837388691
confirmation,python-pack,1,eval,16,True,128,40.0386171875,1.6700396372471005,38.3685775502529,37.04066205906868,0.9582892778382844
confirmation,python-pack,1,generate,16,False,128,50.9667109375,8.513241482432932,42.453469455067065,40.93512861847878,0.8329646679992233
confirmation,python-pack,1,generate,16,True,128,49.5320703125,8.19822889752686,41.333841414973136,40.359977811574936,0.8344864479557613
confirmation,python-pack,1,feedback,16,True,128,28.924781250000002,3.001641744049266,25.923139505950736,25.66065801906586,0.896225948327638
confirmation,python-pack,1,eval,256,False,128,66.55240625,2.0192201191093773,64.53318613089063,63.49060194778443,0.9696596977797571
confirmation,python-pack,1,eval,256,True,128,68.5020078125,2.064069121843204,66.4379386906568,64.94565157866478,0.9698684872494123
confirmation,python-pack,1,generate,256,False,128,62.782609375,10.557476343819872,52.22513303118013,50.60046767997741,0.8318407525759219
confirmation,python-pack,1,generate,256,True,128,64.16186718750001,11.437175999162719,52.72469118833728,51.2702310949564,0.8217449631610642
confirmation,python-pack,1,feedback,256,True,128,31.665476562500004,3.4358927223365754,28.229583840163425,27.829955772757533,0.8914940466613551
confirmation,python-pack,1,eval,4096,False,128,412.756359375,5.146157491253689,407.6102018837463,406.8910775814056,0.9875322151328061
confirmation,python-pack,1,eval,4096,True,128,433.95403125,5.072291969554499,428.8817392804455,428.466431871891,0.9883114532777958
confirmation,python-pack,1,generate,4096,False,128,442.69268750000003,38.61335790134035,404.0793295986597,396.0966324856281,0.9127761560295925
confirmation,python-pack,1,generate,4096,True,128,502.0468984375,39.40792157663964,462.63897686086034,455.12106879985333,0.9215054973961849
confirmation,python-pack,1,feedback,4096,True,128,54.321046875,5.2733521442860365,49.047694730713964,48.42548822879791,0.9029224868139835
confirmation,python-pack,1,eval,32768,False,32,3057.0618437499998,45.36236519925296,3011.699478550747,2966.6080176035166,0.98516144994188
confirmation,python-pack,1,eval,32768,True,32,3340.3595625,38.00538252107799,3302.354179978922,3263.3898033332825,0.988622367799042
confirmation,python-pack,1,generate,32768,False,32,3663.5522499999997,247.65139096416533,3415.9008590358344,3513.979867967725,0.9324012941362675
confirmation,python-pack,1,generate,32768,True,32,3784.9083124999997,237.32408590149134,3547.5842265985084,3511.2649053316118,0.9372972694958799
confirmation,python-pack,1,feedback,32768,True,32,245.12381249999999,19.548635464161634,225.57517703583838,222.98500021982193,0.9202499534223685
confirmation,python-pack,1,eval,131072,False,32,14807.295,134.66316158883274,14672.631838411167,14196.006163915039,0.9909056203993483
confirmation,python-pack,1,eval,131072,True,32,14475.70465625,132.39668624009937,14343.3079700099,14657.782289817213,0.9908538693359611
confirmation,python-pack,1,generate,131072,False,32,16139.437187500002,920.884165680036,15218.553021819964,15565.57508411479,0.9429419901709297
confirmation,python-pack,1,generate,131072,True,32,16381.338749999999,923.9573264494538,15457.381423550547,15552.109119753957,0.9435969586765641
confirmation,python-pack,1,feedback,131072,True,32,915.5266875,62.446153606288135,853.0805338937118,815.2419698417186,0.9317920990628816
confirmation,native,1,eval,16,False,128,41.737015625000005,1.4981633285060525,40.23885229649395,38.97540813028812,0.9641046848685398
confirmation,native,1,eval,16,True,128,44.29896875,1.6280209820251912,42.67094776797481,41.69510417926312,0.9632492351861985
confirmation,native,1,generate,16,False,128,48.861859375,8.116112439893186,40.745746935106816,39.48523864626885,0.833896774627333
confirmation,native,1,generate,16,True,128,50.568203125000004,8.308812539326027,42.25939058567398,40.89008022487164,0.8356909673300552
confirmation,native,1,feedback,16,True,128,28.6636171875,2.8848517104052007,25.7787654770948,25.519931808710098,0.8993549316705477
confirmation,native,1,eval,256,False,128,82.44261718749999,1.9251710909884423,80.51744609651155,78.79550310897827,0.9766483506144643
confirmation,native,1,eval,256,True,128,85.682953125,2.158209099434316,83.52474402556568,81.70980900585651,0.9748116863305846
confirmation,native,1,generate,256,False,128,64.20940625,11.302807251922786,52.906598998077214,51.3892411839962,0.8239696033332689
confirmation,native,1,generate,256,True,128,68.88859375,11.277639714535326,57.61095403546467,56.03007795083523,0.8362916253529226
confirmation,native,1,feedback,256,True,128,31.254937499999997,3.2861134968698025,27.968824003130198,27.604940480589864,0.8948609800653161
confirmation,native,1,eval,4096,False,128,924.6689531249999,5.1702954806387424,919.4986576443612,918.1274604046345,0.9944084902351644
confirmation,native,1,eval,4096,True,128,996.5499296874999,5.236724973656237,991.3132047138437,988.4781631796361,0.9947451454085212
confirmation,native,1,generate,4096,False,128,759.0262421875,39.22624091501348,719.8000012724865,719.3269572491646,0.9483203099777365
confirmation,native,1,generate,4096,True,128,750.9298984375,39.027949242154136,711.9019491953459,713.847006171465,0.9480271736105306
confirmation,native,1,feedback,4096,True,128,53.912187499999995,5.438305379357189,48.473882120642806,47.84998893737794,0.8991266051046957
confirmation,native,1,eval,32768,False,32,8256.75959375,48.26264921575785,8208.496944534241,8262.308464830756,0.9941547711704856
confirmation,native,1,eval,32768,True,32,8886.0565625,48.25515497941524,8837.801407520585,8921.85612394011,0.9945695647287396
confirmation,native,1,generate,32768,False,32,4565.6081875,248.49583860486746,4317.1123488951325,4288.477632915259,0.9455722373888292
confirmation,native,1,generate,32768,True,32,4575.5395,256.43949629738927,4319.100003702611,4281.882373603463,0.943954260192183
confirmation,native,1,feedback,32768,True,32,205.24403125,19.281680579297245,185.96235067070276,181.29053771007062,0.906054853523068
confirmation,native,1,eval,131072,False,32,28274.7969375,144.804798765108,28129.99213873489,28046.815578728798,0.9948786617606771
confirmation,native,1,eval,131072,True,32,29790.67378125,142.74351997300982,29647.93026127699,29550.409389650227,0.995208449428799
confirmation,native,1,generate,131072,False,32,20212.32265625,946.0063884034753,19266.316267846523,19193.42006544471,0.9531965521977775
confirmation,native,1,generate,131072,True,32,20060.73653125,942.6555625395849,19118.080968710416,18965.483924579858,0.9530099225882787
confirmation,native,1,feedback,131072,True,32,714.44634375,61.55090522952378,652.8954385204762,632.9718381239177,0.913848106624139
confirmation,legacy,1,eval,16,False,128,40.169320312500005,1.6265657905023545,38.54275452199765,37.75493584871292,0.9595072613166373
confirmation,legacy,1,eval,16,True,128,40.0641796875,1.6653466445859522,38.39883304291405,37.56511009097099,0.9584330277675562
confirmation,legacy,1,generate,16,False,128,45.6660234375,8.258630259661004,37.407393177839,36.30494927883148,0.8191515345984957
confirmation,legacy,1,generate,16,True,128,45.5824609375,8.234961569542065,37.34749936795794,36.34015000224113,0.8193392502253584
confirmation,legacy,1,feedback,16,True,128,26.493046875,3.039123839698732,23.45392303530127,23.01540175306797,0.8852859826188364
confirmation,legacy,1,eval,256,False,128,68.86465625000001,1.968834112631157,66.89582213736885,65.36009532749654,0.9714100930746873
confirmation,legacy,1,eval,256,True,128,68.81939062500001,1.9287617760710418,66.89062884892897,65.39518092572689,0.9719735708416695
confirmation,legacy,1,generate,256,False,128,59.4157578125,10.723215382313356,48.69254243018664,47.49572037148476,0.8195223661683672
confirmation,legacy,1,generate,256,True,128,58.878468749999996,10.67711491486989,48.20135383513011,46.8401220613718,0.8186584138217777
confirmation,legacy,1,feedback,256,True,128,27.220343749999998,3.2006282708607614,24.019715479139236,23.729941294908524,0.8824177864814524
confirmation,legacy,1,eval,4096,False,128,737.42625,5.3698640840593725,732.0563859159406,732.0872385830879,0.9927181001706146
confirmation,legacy,1,eval,4096,True,128,770.5493203125,5.238991434453055,765.3103288780469,763.9074209685325,0.9932009654718424
confirmation,legacy,1,generate,4096,False,128,565.620359375,38.237030821619555,527.3833285533805,526.8811538693905,0.9323980649072272
confirmation,legacy,1,generate,4096,True,128,569.0416015625,38.94017936545424,530.1014221970457,529.5164322909117,0.9315688356377978
confirmation,legacy,1,feedback,4096,True,128,44.7004453125,5.32393460161984,39.37651071088016,38.95563546121121,0.8808975041657794
confirmation,legacy,1,eval,32768,False,32,6539.27659375,38.85077603626996,6500.42581771373,6467.788515648007,0.9940588572024309
confirmation,legacy,1,eval,32768,True,32,6751.48490625,46.07753362506628,6705.4073726249335,6651.243939566255,0.9931752000834052
confirmation,legacy,1,generate,32768,False,32,4603.88596875,250.0973059795797,4353.78866277042,4328.542350347996,0.9456769112707881
confirmation,legacy,1,generate,32768,True,32,4615.3546875,258.78185988403857,4356.572827615962,4335.58201987195,0.9439302334477325
confirmation,legacy,1,feedback,32768,True,32,196.12946875,19.258499378338456,176.87096937166154,175.86563860046863,0.9018072118326764
confirmation,legacy,1,eval,131072,False,32,35603.1680625,138.6639050906524,35464.50415740935,35569.022749798896,0.9961052930782105
confirmation,legacy,1,eval,131072,True,32,37454.35903125,140.76461957301944,37313.59441167698,37252.546066526294,0.9962417026158271
confirmation,legacy,1,generate,131072,False,32,26995.67365625,968.2657546363771,26027.407901613624,25920.6140883584,0.9641325581659561
confirmation,legacy,1,generate,131072,True,32,27012.242687500002,960.4402730474249,26051.802414452577,25971.354038844227,0.9644442601764469
confirmation,legacy,1,feedback,131072,True,32,926.3694375,63.08499723672867,863.2844402632713,817.5774646908045,0.9319008219798609
confirmation,legacy,2,eval,16,False,128,43.555203125,1.6342091839760542,41.920993941023944,41.02086635696888,0.9624795875871363
confirmation,legacy,2,eval,16,True,128,43.9085546875,1.6127087292261422,42.29584595827386,41.505058122873315,0.9632711953125332
confirmation,legacy,2,generate,16,False,128,51.0164765625,8.685787179274485,42.33068938322552,41.289820384383205,0.8297454515771278
confirmation,legacy,2,generate,16,True,128,50.11353125,8.475439244648442,41.63809200535156,40.3849864834547,0.8308752340287646
confirmation,legacy,2,feedback,16,True,128,28.7477890625,3.160821506753564,25.586967555746437,25.250051037073135,0.8900499269741515
confirmation,legacy,2,eval,256,False,128,83.7385546875,1.8836544768419117,81.85490021065809,80.2853405843973,0.9775055291571316
confirmation,legacy,2,eval,256,True,128,84.98859375,1.9897452148143202,82.99884853518569,81.74549648869036,0.976588091095291
confirmation,legacy,2,generate,256,False,128,65.850234375,10.54619497153908,55.30403940346092,53.79036884117126,0.8398457488931439
confirmation,legacy,2,generate,256,True,128,67.425453125,11.020052625099197,56.4054004999008,54.54551231920719,0.836559457677368
confirmation,legacy,2,feedback,256,True,128,30.969906249999998,3.4286676964256912,27.54123855357431,27.215143255591393,0.8892903430592177
confirmation,legacy,2,eval,4096,False,128,887.2478203124999,5.366367986425757,881.8814523260742,913.2023600429296,0.9939516695746453
confirmation,legacy,2,eval,4096,True,128,992.812359375,5.4801348596811295,987.3322245153189,987.4078050290345,0.9944801907350035
confirmation,legacy,2,generate,4096,False,128,757.420421875,39.808674046071246,717.6117478289287,716.2919574922324,0.9474417735561914
confirmation,legacy,2,generate,4096,True,128,759.5624140625,39.095863030524924,720.4665510319751,719.3763881803751,0.9485284391292853
confirmation,legacy,2,feedback,4096,True,128,52.713609375,5.140485882293433,47.573123492706564,46.91489162147045,0.9024827564789869
confirmation,legacy,2,eval,32768,False,32,8252.2268125,42.94935206416994,8209.27746043583,8169.8934823337795,0.9947954227337629
confirmation,legacy,2,eval,32768,True,32,6959.955625,45.792010496370494,6914.163614503629,6765.979082758665,0.9934206461989662
confirmation,legacy,2,generate,32768,False,32,4653.06021875,253.44266032334417,4399.617558426656,4376.20202055025,0.9455320480697692
confirmation,legacy,2,generate,32768,True,32,4902.36934375,262.5928755151108,4639.776468234889,4690.687936325311,0.9464355177869475
confirmation,legacy,2,feedback,32768,True,32,205.0074375,20.300925825722516,184.7065116742775,184.24157321190836,0.9009746862197499
confirmation,legacy,2,eval,131072,False,32,28690.0760625,142.91379193309695,28547.162270566903,28490.235904001715,0.9950187029263441
confirmation,legacy,2,eval,131072,True,32,37576.16471875,137.03560398425907,37439.12911476574,37627.592526498316,0.9963531242475132
confirmation,legacy,2,generate,131072,False,32,26959.62890625,963.4137968532741,25996.215109396726,26045.360039206626,0.9642645749982883
confirmation,legacy,2,generate,131072,True,32,27021.03790625,963.1751599954441,26057.862746254556,26210.3356427269,0.9643546201542221
confirmation,legacy,2,feedback,131072,True,32,906.5898125,61.96924368850887,844.6205688114911,811.9624828392268,0.9316457753726315
confirmation,native,2,eval,16,False,128,45.938171874999995,1.5646946849301457,44.37347719006985,43.03494094610215,0.9659391172729347
confirmation,native,2,eval,16,True,128,45.986164062499995,1.6216436051763594,44.364520457323636,42.91987216293812,0.9647362714799961
confirmation,native,2,generate,16,False,128,48.60703125,8.572980732424185,40.034050517575814,38.43516957747936,0.8236267364626556
confirmation,native,2,generate,16,True,128,52.321304687499996,9.022169251693413,43.29913543580658,42.07553264558315,0.8275622271734198
confirmation,native,2,feedback,16,True,128,29.300796875,3.2895368349272758,26.011260040072724,25.679451383948326,0.887732171621108
confirmation,native,2,eval,256,False,128,83.922234375,1.9120052456855774,82.01022912931442,80.36017225384713,0.9772169406603031
confirmation,native,2,eval,256,True,128,83.8301171875,1.9261351553723216,81.90398203212767,80.49516053617,0.9770233512728582
confirmation,native,2,generate,256,False,128,66.98853125,10.692132491385564,56.29639875861444,54.52504665791989,0.8403886114253989
confirmation,native,2,generate,256,True,128,71.4458828125,11.777709005400538,59.668173807099464,58.15999879300595,0.83515202637625
confirmation,native,2,feedback,256,True,128,32.7319296875,3.5585944715421647,29.173335215957835,28.83443743479252,0.891280639256012
confirmation,native,2,eval,4096,False,128,905.7893046875,5.105834134155884,900.6834705533441,912.4824619275332,0.9943631105956617
confirmation,native,2,eval,4096,True,128,995.44509375,5.218040314503014,990.2270534354969,988.873030002117,0.9947580832461127
confirmation,native,2,generate,4096,False,128,662.001046875,39.952104998519644,622.0489418764804,621.5219496346712,0.9396494836569896
confirmation,native,2,generate,4096,True,128,755.9249374999999,39.655915315961465,716.2690221840385,715.7764722557067,0.9475398768466194
confirmation,native,2,feedback,4096,True,128,56.620554687500004,5.445876013254747,51.17467867424526,50.230819898247724,0.9038180384612688
confirmation,native,2,eval,32768,False,32,8333.595062499999,39.715072489343584,8293.879990010655,8242.60910423851,0.9952343409787144
confirmation,native,2,eval,32768,True,32,8588.945875,47.213907237164676,8541.731967762835,8734.724824441075,0.994502945073319
confirmation,native,2,generate,32768,False,32,6077.02715625,254.21178725082427,5822.815368999176,6037.792082713127,0.9581683970279158
confirmation,native,2,generate,32768,True,32,6471.950124999999,259.07672534231097,6212.873399657688,6146.337767805218,0.9599692951369413
confirmation,native,2,feedback,32768,True,32,260.63953125,19.312210497446358,241.32732075255365,239.68063654887678,0.9259045225993654
confirmation,native,2,eval,131072,False,32,35561.2271875,138.4836941724643,35422.743493327536,35810.00759242522,0.9961057672885614
confirmation,native,2,eval,131072,True,32,37525.02734375,141.58041449263692,37383.44692925736,37697.437588850735,0.9962270403377542
confirmation,native,2,generate,131072,False,32,26561.1266875,956.7636880092323,25604.362999490768,26218.529516054274,0.9639787988188205
confirmation,native,2,generate,131072,True,32,26768.2046875,958.9805704308674,25809.224117069134,26307.495085083126,0.9641746399646038
confirmation,native,2,feedback,131072,True,32,876.01371875,62.796068959869444,813.2176497901305,798.7770270870924,0.9283161123897987
confirmation,python-pack,2,eval,16,False,128,42.62934375,1.740427251206711,40.888916498793286,39.29054059922695,0.9591730226621958
confirmation,python-pack,2,eval,16,True,128,42.9031328125,1.6640187823213637,41.239114030178634,40.33523236513138,0.961214515741924
confirmation,python-pack,2,generate,16,False,128,50.090546875,9.08097717911005,41.00956969588995,39.3853845988512,0.8187087635163686
confirmation,python-pack,2,generate,16,True,128,51.100843749999996,8.477978553855792,42.622865196144204,41.1044965724945,0.8340931786697594
confirmation,python-pack,2,feedback,16,True,128,29.0835703125,3.205852408427745,25.877717904072256,25.655081092715264,0.8897710159385114
confirmation,python-pack,2,eval,256,False,128,67.0406796875,2.0362058421596885,65.00447384534031,63.370752046108244,0.9696273090957438
confirmation,python-pack,2,eval,256,True,128,68.3942265625,2.014494384638965,66.37973217786103,64.10493790030479,0.9705458415733661
confirmation,python-pack,2,generate,256,False,128,62.477359375000006,10.748237400548533,51.729121974451466,49.55478172004223,0.8279658822320619
confirmation,python-pack,2,generate,256,True,128,61.8743359375,10.948562703561038,50.92577323393896,49.65509710311889,0.8230516329965899
confirmation,python-pack,2,feedback,256,True,128,30.71,3.3010692277457565,27.40893077225424,27.06110381948948,0.8925083286308773
confirmation,python-pack,2,eval,4096,False,128,369.98953124999997,5.179335857974365,364.8101953920256,361.9806002024412,0.9860013989031633
confirmation,python-pack,2,eval,4096,True,128,433.15984375,5.305802915245295,427.8540408347547,426.09093187189103,0.9877509353837804
confirmation,python-pack,2,generate,4096,False,128,496.690734375,38.755079003749415,457.93565537125056,450.9515570821762,0.9219734206386676
confirmation,python-pack,2,generate,4096,True,128,497.48676562500003,39.170765376184136,458.31600024881584,452.72124017620087,0.9212626986630019
confirmation,python-pack,2,feedback,4096,True,128,53.301734375,5.289526598062366,48.012207776937636,47.330181517601005,0.9007625800532431
confirmation,python-pack,2,eval,32768,False,32,3296.04921875,36.10941348597407,3259.939805264026,3224.672810250163,0.9890446376587579
confirmation,python-pack,2,eval,32768,True,32,3454.65775,41.770777897909284,3412.8869721020906,3362.7046428602935,0.9879088520714073
confirmation,python-pack,2,generate,32768,False,32,3806.1761875,240.20086857490242,3565.975318925098,3590.8599321821926,0.9368918156327721
confirmation,python-pack,2,generate,32768,True,32,3842.32290625,241.65483773685992,3600.66806851314,3582.839888822794,0.9371070980672188
confirmation,python-pack,2,feedback,32768,True,32,254.1260625,19.535713363438845,234.59034913656114,233.0158970979452,0.923125895977557
confirmation,python-pack,2,eval,131072,False,32,14466.429624999999,147.43517385795712,14318.994451142042,14129.305438771726,0.9898084615430494
confirmation,python-pack,2,eval,131072,True,32,14889.935875,137.89196964353323,14752.043905356466,14761.831537717582,0.990739250269368
confirmation,python-pack,2,generate,131072,False,32,16530.43034375,930.918613448739,15599.511730301261,15722.564981170177,0.943684550608163
confirmation,python-pack,2,generate,131072,True,32,16326.24153125,928.6969434469938,15397.544587803006,15764.170027788161,0.9431163050191694
confirmation,python-pack,2,feedback,131072,True,32,922.5403437499999,62.447317759506404,860.0930259904935,827.456803213954,0.9323093909306268
confirmation,python-pack,3,eval,16,False,128,41.181296874999994,1.7020502127707005,39.47924666222929,38.080016349554064,0.9586693391920844
confirmation,python-pack,3,eval,16,True,128,42.339101562500005,1.5657606127206236,40.77334094977938,39.36050615477562,0.9630185678264976
confirmation,python-pack,3,generate,16,False,128,50.038734375,8.150218491209671,41.888515883790326,40.284899542212486,0.83712180987372
confirmation,python-pack,3,generate,16,True,128,51.4516328125,8.598795830039307,42.852836982460694,41.47002315938472,0.832876133175889
confirmation,python-pack,3,feedback,16,True,128,29.4880234375,3.0929440981708467,26.395079339329154,26.069365785717963,0.8951118543185387
confirmation,python-pack,3,eval,256,False,128,67.388046875,2.0565530576277524,65.33149381737225,63.760246134400376,0.9694819310991085
confirmation,python-pack,3,eval,256,True,128,67.9742578125,1.9232829799875617,66.05097483251244,64.32025937497615,0.9717057156358699
confirmation,python-pack,3,generate,256,False,128,59.9376875,10.77662454918027,49.16106295081973,47.3856009632349,0.8202028640297431
confirmation,python-pack,3,generate,256,True,128,61.296335937500004,10.709285561461002,50.587050376039,49.410053278207776,0.8252866929537096
confirmation,python-pack,3,feedback,256,True,128,30.8226796875,3.259439836256206,27.563239851243793,27.05561043977737,0.8942518992734413
confirmation,python-pack,3,eval,4096,False,128,416.607765625,5.1653769332915545,411.44238869170846,411.3215322335958,0.9876013426549013
confirmation,python-pack,3,eval,4096,True,128,395.5855859375,5.103254807181656,390.48233113031836,381.4358080748319,0.987099492528052
confirmation,python-pack,3,generate,4096,False,128,497.907890625,38.72402885463089,459.1838617703691,451.9871136189699,0.9222265210418287
confirmation,python-pack,3,generate,4096,True,128,500.871359375,38.60463766613975,462.26672170886025,455.42082396590706,0.922925044637586
confirmation,python-pack,3,feedback,4096,True,128,48.984203125,5.138666892889887,43.84553623211011,43.260537330985066,0.8950954274018337
confirmation,python-pack,3,eval,32768,False,32,3234.43778125,35.60037293937057,3198.8374083106296,3171.398892379642,0.9889933350563286
confirmation,python-pack,3,eval,32768,True,32,3408.46421875,35.756456782110035,3372.70776196789,3363.4349519622324,0.9895095108860427
confirmation,python-pack,3,generate,32768,False,32,3954.2335312500004,366.54609721153975,3587.68743403846,3566.4050472710132,0.9073028706284657
confirmation,python-pack,3,generate,32768,True,32,3616.2565625,239.13498444017023,3377.12157805983,3275.594002953768,0.933872229387715
confirmation,python-pack,3,feedback,32768,True,32,254.41534375,19.767670892179012,234.647672857821,235.04552652108669,0.9223015774095622
confirmation,python-pack,3,eval,131072,False,32,14389.67171875,144.50663002207875,14245.165088727921,14121.686186017036,0.9899576145414225
confirmation,python-pack,3,eval,131072,True,32,14494.18915625,138.92780407331884,14355.261352176682,14641.64253761053,0.9904149309371051
confirmation,python-pack,3,generate,131072,False,32,16228.85696875,923.2548909494653,15305.602077800535,15662.5399300164,0.9431102946604761
confirmation,python-pack,3,generate,131072,True,32,16675.55146875,928.5087289754301,15747.042739774572,15747.44539619672,0.9443191590565712
confirmation,python-pack,3,feedback,131072,True,32,852.7803124999999,67.4611801514402,785.3191323485597,764.7522602665424,0.9208926623157236
confirmation,native,3,eval,16,False,128,44.0678046875,1.498381607234478,42.56942308026552,41.68476822674275,0.965998269760429
confirmation,native,3,eval,16,True,128,45.5153359375,1.5971781976986676,43.91815773980133,42.534825292229655,0.9649090100116617
confirmation,native,3,generate,16,False,128,49.602046875,8.473216439597309,41.12883043540269,40.06520911931992,0.8291760728957356
confirmation,native,3,generate,16,True,128,50.108734375000004,8.497987437294796,41.61074693770521,40.05500124692917,0.8304090585545787
confirmation,native,3,feedback,16,True,128,28.504109375,3.0303090170491487,25.47380035795085,25.299972059130667,0.8936886967004508
confirmation,native,3,eval,256,False,128,83.3726796875,2.1145933715160936,81.2580863159839,79.03529810249806,0.9746368549092811
confirmation,native,3,eval,256,True,128,79.1722265625,2.164113539038226,77.00811302346177,75.59593790030479,0.9726657486722338
confirmation,native,3,generate,256,False,128,67.9030546875,11.349555279593915,56.55349940790609,54.98486936986446,0.8328564844125752
confirmation,native,3,generate,256,True,128,68.810796875,11.14203769247979,57.66875918252021,55.94531892466545,0.8380771884865664
confirmation,native,3,feedback,256,True,128,31.17309375,3.2868701964616776,27.886223553538322,27.354952198266982,0.8945606675159832
confirmation,native,3,eval,4096,False,128,920.7647578125,5.471800250234082,915.2929575622659,912.1724655020237,0.9940573309264858
confirmation,native,3,eval,4096,True,128,978.9632734375001,5.58727333554998,973.37600010195,972.6530291877986,0.9942926629760777
confirmation,native,3,generate,4096,False,128,723.4043437500001,39.45458956877701,683.949754181223,712.5565331813096,0.9454598387338243
confirmation,native,3,generate,4096,True,128,765.177109375,39.56032742280513,725.6167819521949,723.5621014357805,0.9482991232511933
confirmation,native,3,feedback,4096,True,128,55.0239921875,5.233749106992036,49.79024308050796,48.91497874259949,0.9048824176705047
confirmation,native,3,eval,32768,False,32,8251.713000000002,40.988001273944974,8210.724998726057,8159.162326885343,0.995032788795012
confirmation,native,3,eval,32768,True,32,8546.8960625,49.67776476405561,8497.218297735944,8675.535056932567,0.9941876250277548
confirmation,native,3,generate,32768,False,32,6104.96809375,255.75855397619307,5849.209539773807,6018.466956525326,0.9581064880194824
confirmation,native,3,generate,32768,True,32,6353.9176875,252.99660046584904,6100.921087034151,6001.048121885538,0.9601825813759648
confirmation,native,3,feedback,32768,True,32,258.880125,18.825623556040227,240.05450144395977,234.50624353086948,0.927280537445506
confirmation,native,3,eval,131072,False,32,36001.48159375,137.15338718611747,35864.328206563885,35812.47839279211,0.9961903404772673
confirmation,native,3,eval,131072,True,32,37617.4136875,137.98626605421305,37479.427421445784,37743.94846673584,0.9963318513282038
confirmation,native,3,generate,131072,False,32,26286.14775,962.6192331779748,25323.528516822025,25936.733976302265,0.9633792200236729
confirmation,native,3,generate,131072,True,32,26279.424874999997,951.8897568341345,25327.535118165863,25971.934352717995,0.9637781358853221
confirmation,native,3,feedback,131072,True,32,910.32475,62.77790816966444,847.5468418303356,811.4025348073244,0.9310378981021175
confirmation,legacy,3,eval,16,False,128,45.833726562500004,1.5950026863720268,44.23872387612798,41.50995928406715,0.9652002399543698
confirmation,legacy,3,eval,16,True,128,45.085078125,1.5682271623518318,43.51685096264817,42.011146058320996,0.9652162704918938
confirmation,legacy,3,generate,16,False,128,50.339890625,8.20110653876327,42.13878408623673,40.980253229856494,0.837085332587306
confirmation,legacy,3,generate,16,True,128,51.233875000000005,8.745282684685662,42.48859231531434,41.21502315938473,0.8293066318976329
confirmation,legacy,3,feedback,16,True,128,28.995953125,3.2022107916418463,25.793742333358153,25.33505765736103,0.8895635270950644
confirmation,legacy,3,eval,256,False,128,81.5425625,2.1045634639449418,79.43799903605506,77.86004335939884,0.9741906140864173
confirmation,legacy,3,eval,256,True,128,84.732125,1.9506369426380843,82.78148805736191,80.88524684298038,0.9769787793869434
confirmation,legacy,3,generate,256,False,128,65.542984375,10.658954124664888,54.884030250335115,53.47935121178627,0.8373745988788005
confirmation,legacy,3,generate,256,True,128,67.57850781249999,11.143270967295393,56.43523684520461,54.76504870951176,0.8351062885523758
confirmation,legacy,3,feedback,256,True,128,30.2426953125,3.4208933357149363,26.821801976785064,26.47995067536831,0.8868853023724707
confirmation,legacy,3,eval,4096,False,128,897.1104296875,5.183403118280694,891.9270265692193,911.7377759675979,0.9942221125217703
confirmation,legacy,3,eval,4096,True,128,980.2630078125001,5.369525752030313,974.8934820604696,976.6030796329976,0.9945223621525688
confirmation,legacy,3,generate,4096,False,128,760.001671875,38.827205571578816,721.1744663034212,720.2272201354504,0.9489116840022361
confirmation,legacy,3,generate,4096,True,128,759.1229609375,39.410802855854854,719.7121580816452,715.5318289465904,0.9480837691865052
confirmation,legacy,3,feedback,4096,True,128,54.2759375,5.38459062227048,48.89134687772952,47.9202334856987,0.9007923055724191
confirmation,legacy,3,eval,32768,False,32,8231.95459375,43.29512012191117,8188.6594736280895,8149.138109885215,0.9947406026565329
confirmation,legacy,3,eval,32768,True,32,8732.193625,42.77646075934172,8689.417164240658,8644.05449873686,0.9951012926881426
confirmation,legacy,3,generate,32768,False,32,5650.66590625,249.72687242552638,5400.939033824474,5339.310609702349,0.9558057622643532
confirmation,legacy,3,generate,32768,True,32,4735.716687499999,256.6645707702264,4479.052116729773,4418.6724192439315,0.9458023805672969
confirmation,legacy,3,feedback,32768,True,32,202.8106875,19.328450434841216,183.48223706515878,175.1760596225262,0.904697081435409
confirmation,legacy,3,eval,131072,False,32,28707.74128125,140.3864152962342,28567.354865953766,28518.836870942832,0.9951098063090068
confirmation,legacy,3,eval,131072,True,32,30064.66459375,140.7789532095194,29923.88564054048,29813.78502031064,0.9953174613749463
confirmation,legacy,3,generate,131072,False,32,20033.3478125,943.5429383302107,19089.80487416979,18961.72977875364,0.9529013848728031
confirmation,legacy,3,generate,131072,True,32,20018.3678125,940.2017603861168,19078.166052113884,18982.114997442965,0.9530330459909409
confirmation,legacy,3,feedback,131072,True,32,749.07640625,62.06084799487144,687.0155582551286,640.4317953563929,0.9171501765680242
confirmation,legacy,4,eval,16,False,128,38.943109375,1.7052334442269057,37.23787593077309,36.37009837329388,0.9562121907676535
confirmation,legacy,4,eval,16,True,128,39.687609375,1.6512312868144363,38.036378088185565,37.07038388061523,0.9583942869621525
confirmation,legacy,4,generate,16,False,128,45.029875,8.096900273812935,36.93297472618706,35.82486010611058,0.8201882578218808
confirmation,legacy,4,generate,16,True,128,45.574796875000004,8.422881364822388,37.151915510177616,35.91988640737534,0.8151855423969482
confirmation,legacy,4,feedback,16,True,128,26.294984375,3.0665869417134672,23.22839743328653,22.70016311645508,0.8833774951914772
confirmation,legacy,4,eval,256,False,128,68.1368203125,1.8054233805742115,66.3313969319258,64.7898808348179,0.97350296987306
confirmation,legacy,4,eval,256,True,128,68.748,1.9617036741692573,66.78629632583075,65.45996795594692,0.971465298275306
confirmation,legacy,4,generate,256,False,128,59.516875,10.961804946418852,48.55507005358115,47.329664543271065,0.8158202199557881
confirmation,legacy,4,generate,256,True,128,58.746812500000004,10.614487109705806,48.1323253902942,46.930411428809165,0.8193180760282814
confirmation,legacy,4,feedback,256,True,128,27.386671875,3.1871531973592937,24.199518677640707,23.895376794815064,0.8836239316735417
confirmation,legacy,4,eval,4096,False,128,746.30678125,5.4004849516786635,740.9062962983213,739.8219940347672,0.9927637198436904
confirmation,legacy,4,eval,4096,True,128,786.1492265625,5.476478690980002,780.67274787152,779.1680928735733,0.9930337924328612
confirmation,legacy,4,generate,4096,False,128,566.592796875,38.79759242408909,527.7952044509109,526.6018304063082,0.931524734098149
confirmation,legacy,4,generate,4096,True,128,567.6649765625,39.05690391547978,528.6080726470202,527.581721658349,0.9311972633013416
confirmation,legacy,4,feedback,4096,True,128,45.028999999999996,5.438771040644497,39.5902289593555,39.13494716405869,0.8792162597294078
confirmation,legacy,4,eval,32768,False,32,6530.69221875,45.79356755129993,6484.8986511987005,6445.214175442696,0.9929879458382951
confirmation,legacy,4,eval,32768,True,32,6740.5475625,43.06923074182123,6697.478331758179,6657.974398903846,0.9936104255118041
confirmation,legacy,4,generate,32768,False,32,4748.17184375,253.23915178887546,4494.932691961125,4368.677574633122,0.9466659674244492
confirmation,legacy,4,generate,32768,True,32,4644.0674375,253.41058790218085,4390.656849597819,4360.318294508815,0.9454334823271651
confirmation,legacy,4,feedback,32768,True,32,198.95775,18.881401047110558,180.07634895288945,180.97608100628855,0.9050984390047105
confirmation,legacy,4,eval,131072,False,32,29620.90321875,141.4240396115929,29479.47917913841,29058.32895732248,0.9952255325042867
confirmation,legacy,4,eval,131072,True,32,30087.3701875,145.81783034373075,29941.55235715627,29841.695828175307,0.9951535202500247
confirmation,legacy,4,generate,131072,False,32,24582.524125,954.055241891183,23628.468883108817,25756.77899110568,0.9611896956943927
confirmation,legacy,4,generate,131072,True,32,26889.39065625,959.4264120096341,25929.964244240367,25803.294538222075,0.9643195182711725
confirmation,legacy,4,feedback,131072,True,32,916.83140625,61.79179763421416,855.0396086157858,811.247455829382,0.932602878552172
confirmation,native,4,eval,16,False,128,45.9751484375,1.514126779511571,44.46102165798843,41.855076460838326,0.9670664080275908
confirmation,native,4,eval,16,True,128,44.650765625,1.581724063726142,43.069041561273856,41.85982529222965,0.9645756563950041
confirmation,native,4,generate,16,False,128,49.9170234375,8.399241778533906,41.51778165896609,39.78463084995746,0.831735924938505
confirmation,native,4,generate,16,True,128,49.476109375,8.35322862258181,41.12288075241819,40.14950276982784,0.8311664209635156
confirmation,native,4,feedback,16,True,128,28.6272734375,3.0628762033302337,25.564397234169768,25.270029833197594,0.8930084553802441
confirmation,native,4,eval,256,False,128,83.425125,1.950153091456741,81.47497190854325,80.06513710081576,0.9766239116638215
confirmation,native,4,eval,256,True,128,85.756890625,2.13202292798087,83.62486769701913,82.2249379003048,0.9751387566358506
confirmation,native,4,generate,256,False,128,66.6698515625,11.061445547966287,55.60840601453371,54.25488841640949,0.8340862430510038
confirmation,native,4,generate,256,True,128,68.933875,11.502484994707629,57.43139000529237,56.09454941809177,0.833137408934176
confirmation,native,4,feedback,256,True,128,32.1883671875,3.7260688259266317,28.462298361573367,28.130618297338486,0.8842417571471718
confirmation,native,4,eval,4096,False,128,944.6585781250001,5.3863623179495335,939.2722158070505,937.0981748973131,0.9942980856336047
confirmation,native,4,eval,4096,True,128,956.0333125,5.280282493913546,950.7530300060864,976.6530123727323,0.9944768844088646
confirmation,native,4,generate,4096,False,128,758.84971875,39.024485886329785,719.8252328636702,718.8669358654022,0.9485741578047732
confirmation,native,4,generate,4096,True,128,756.0102578125,39.575646951561794,716.4346108609382,714.8220227009058,0.9476519709321496
confirmation,native,4,feedback,4096,True,128,52.597039062499995,5.356774636311457,47.24026442618854,46.68979125976562,0.8981544449689248
confirmation,native,4,eval,32768,False,32,8295.3529375,38.56373950839043,8256.78919799161,8220.134130307675,0.9953511635009453
confirmation,native,4,eval,32768,True,32,8752.18084375,45.40607915259898,8706.774764597401,8668.770356421946,0.9948120268578517
confirmation,native,4,generate,32768,False,32,6254.152312499999,255.40748902130872,5998.744823478691,5968.222551885724,0.9591619333429355
confirmation,native,4,generate,32768,True,32,6330.879875,255.1993093220517,6075.680565677948,5982.902147858619,0.9596897565013344
confirmation,native,4,feedback,32768,True,32,273.3948125,21.09543129336089,252.2993812066391,242.2553611937761,0.9228389481846482
confirmation,native,4,eval,131072,False,32,35670.089125,139.38990014139563,35530.6992248586,35446.3820311302,0.9960922469340369
confirmation,native,4,eval,131072,True,32,37527.066625,142.8129180567339,37384.253706943266,37246.146973536015,0.9961944023101024
confirmation,native,4,generate,131072,False,32,26891.44571875,1296.3306799065322,25595.11503884347,25788.28349582851,0.9517939387318746
confirmation,native,4,generate,131072,True,32,26847.64778125,968.2815871201456,25879.366194129856,25865.47398981881,0.9639342114806654
confirmation,native,4,feedback,131072,True,32,921.30078125,63.52302443701774,857.7777568129823,830.7921021939516,0.9310507211870253
confirmation,python-pack,4,eval,16,False,128,41.7042421875,1.6458798199892044,40.058362367510796,39.339545590877535,0.9605344748241817
confirmation,python-pack,4,eval,16,True,128,42.2636484375,1.633648935239762,40.62999950226024,39.38605231690407,0.9613462397205101
confirmation,python-pack,4,generate,16,False,128,50.909398437499995,8.732033165870234,42.17736527162976,41.2301021373272,0.8284789560695693
confirmation,python-pack,4,generate,16,True,128,51.702929687499996,8.9982058852911,42.704723802208896,41.354939612746236,0.8259633266494266
confirmation,python-pack,4,feedback,16,True,128,29.440078125,3.260280209360644,26.179797915639355,25.889456481337547,0.8892570802455829
confirmation,python-pack,4,eval,256,False,128,64.7721484375,1.9300568965263665,62.842091540973634,61.69510194778443,0.9702023640857194
confirmation,python-pack,4,eval,256,True,128,67.4952578125,1.9644467101898044,65.5308111023102,63.47512538313865,0.9708950410168521
confirmation,python-pack,4,generate,256,False,128,60.9728515625,10.580351954558864,50.39249960794113,49.440502833008765,0.8264743786222051
confirmation,python-pack,4,generate,256,True,128,61.2961953125,10.298612323822454,50.99758298867755,49.2399875408411,0.8319861082516116
confirmation,python-pack,4,feedback,256,True,128,30.1165,3.2208299671765417,26.895670032823457,26.60992876291275,0.8930543068691069
confirmation,python-pack,4,eval,4096,False,128,420.1825546875,5.303718353388831,414.87883633411116,413.41164636456966,0.9873775855417574
confirmation,python-pack,4,eval,4096,True,128,442.53835937499997,5.492325726663694,437.0460336483363,426.48160183107854,0.9875890403389651
confirmation,python-pack,4,generate,4096,False,128,494.37899999999996,38.884085370227695,455.49491462977227,449.34646691524983,0.9213476191945295
confirmation,python-pack,4,generate,4096,True,128,496.032640625,38.74598769471049,457.2866529302895,451.886602429986,0.9218882296820414
confirmation,python-pack,4,feedback,4096,True,128,52.390226562500004,5.094349035061896,47.29587752743811,46.82504395127297,0.9027614620260425
confirmation,python-pack,4,eval,32768,False,32,3225.2220625,41.22940299566835,3183.9926595043316,3166.1036214133505,0.9872165692170325
confirmation,python-pack,4,eval,32768,True,32,3329.60246875,39.06110941898078,3290.541359331019,3254.189125928521,0.9882685366239397
confirmation,python-pack,4,generate,32768,False,32,3723.99696875,237.79040202498436,3486.206566725016,3452.879697924733,0.9361464566108921
confirmation,python-pack,4,generate,32768,True,32,3727.7394062500002,237.26072686258703,3490.478679387413,3466.8503763333556,0.9363526521020243
confirmation,python-pack,4,feedback,32768,True,32,249.18296875000001,19.367551431059837,229.81541731894018,227.9457320562601,0.9222757818152054
confirmation,python-pack,4,eval,131072,False,32,11037.202500000001,144.54279153142124,10892.65970846858,9725.979192244647,0.9869040373653177
confirmation,python-pack,4,eval,131072,True,32,10011.355062499999,153.0251611256972,9858.329901374302,9894.31402661109,0.9847148402818225
confirmation,python-pack,4,generate,131072,False,32,12493.07375,933.0143220722675,11560.059427927732,11312.202057062386,0.9253174726458117
confirmation,python-pack,4,generate,131072,True,32,12363.9555,921.6114121954888,11442.344087804511,11297.063003148436,0.9254598245524671
confirmation,python-pack,4,feedback,131072,True,32,748.04378125,63.02644032984972,685.0173409201503,660.6563755716086,0.915744984572252
